/*
 Navicat Premium Data Transfer

 Source Server         : ruoyi
 Source Server Type    : MySQL
 Source Server Version : 80024
 Source Host           : localhost:3306
 Source Schema         : ry-vue

 Target Server Type    : MySQL
 Target Server Version : 80024
 File Encoding         : 65001

 Date: 10/05/2026 16:11:56
*/

SET NAMES utf8mb4;
SET FOREIGN_KEY_CHECKS = 0;

-- ----------------------------
-- Table structure for gen_table
-- ----------------------------
DROP TABLE IF EXISTS `gen_table`;
CREATE TABLE `gen_table`  (
  `table_id` bigint(0) NOT NULL AUTO_INCREMENT COMMENT 'зј–еҸ·',
  `table_name` varchar(200) CHARACTER SET utf8mb4 COLLATE utf8mb4_0900_ai_ci DEFAULT '' COMMENT 'иЎЁеҗҚз§°',
  `table_comment` varchar(500) CHARACTER SET utf8mb4 COLLATE utf8mb4_0900_ai_ci DEFAULT '' COMMENT 'иЎЁжҸҸиҝ°',
  `sub_table_name` varchar(64) CHARACTER SET utf8mb4 COLLATE utf8mb4_0900_ai_ci DEFAULT NULL COMMENT 'е…іиҒ”еӯҗиЎЁзҡ„иЎЁеҗҚ',
  `sub_table_fk_name` varchar(64) CHARACTER SET utf8mb4 COLLATE utf8mb4_0900_ai_ci DEFAULT NULL COMMENT 'еӯҗиЎЁе…іиҒ”зҡ„еӨ–й”®еҗҚ',
  `class_name` varchar(100) CHARACTER SET utf8mb4 COLLATE utf8mb4_0900_ai_ci DEFAULT '' COMMENT 'е®һдҪ“зұ»еҗҚз§°',
  `tpl_category` varchar(200) CHARACTER SET utf8mb4 COLLATE utf8mb4_0900_ai_ci DEFAULT 'crud' COMMENT 'дҪҝз”Ёзҡ„жЁЎжқҝпјҲcrudеҚ•иЎЁж“ҚдҪң treeж ‘иЎЁж“ҚдҪңпјү',
  `tpl_web_type` varchar(30) CHARACTER SET utf8mb4 COLLATE utf8mb4_0900_ai_ci DEFAULT '' COMMENT 'еүҚз«ҜжЁЎжқҝзұ»еһӢпјҲelement-uiжЁЎзүҲ element-plusжЁЎзүҲпјү',
  `package_name` varchar(100) CHARACTER SET utf8mb4 COLLATE utf8mb4_0900_ai_ci DEFAULT NULL COMMENT 'з”ҹжҲҗеҢ…и·Ҝеҫ„',
  `module_name` varchar(30) CHARACTER SET utf8mb4 COLLATE utf8mb4_0900_ai_ci DEFAULT NULL COMMENT 'з”ҹжҲҗжЁЎеқ—еҗҚ',
  `business_name` varchar(30) CHARACTER SET utf8mb4 COLLATE utf8mb4_0900_ai_ci DEFAULT NULL COMMENT 'з”ҹжҲҗдёҡеҠЎеҗҚ',
  `function_name` varchar(50) CHARACTER SET utf8mb4 COLLATE utf8mb4_0900_ai_ci DEFAULT NULL COMMENT 'з”ҹжҲҗеҠҹиғҪеҗҚ',
  `function_author` varchar(50) CHARACTER SET utf8mb4 COLLATE utf8mb4_0900_ai_ci DEFAULT NULL COMMENT 'з”ҹжҲҗеҠҹиғҪдҪңиҖ…',
  `form_col_num` int(0) DEFAULT 1 COMMENT 'иЎЁеҚ•еёғеұҖпјҲеҚ•еҲ— еҸҢеҲ— дёүеҲ—пјү',
  `gen_type` char(1) CHARACTER SET utf8mb4 COLLATE utf8mb4_0900_ai_ci DEFAULT '0' COMMENT 'з”ҹжҲҗд»Јз Ғж–№ејҸпјҲ0zipеҺӢзј©еҢ… 1иҮӘе®ҡд№үи·Ҝеҫ„пјү',
  `gen_path` varchar(200) CHARACTER SET utf8mb4 COLLATE utf8mb4_0900_ai_ci DEFAULT '/' COMMENT 'з”ҹжҲҗи·Ҝеҫ„пјҲдёҚеЎ«й»ҳи®ӨйЎ№зӣ®и·Ҝеҫ„пјү',
  `options` varchar(1000) CHARACTER SET utf8mb4 COLLATE utf8mb4_0900_ai_ci DEFAULT NULL COMMENT 'е…¶е®ғз”ҹжҲҗйҖүйЎ№',
  `create_by` varchar(64) CHARACTER SET utf8mb4 COLLATE utf8mb4_0900_ai_ci DEFAULT '' COMMENT 'еҲӣе»әиҖ…',
  `create_time` datetime(0) DEFAULT NULL COMMENT 'еҲӣе»әж—¶й—ҙ',
  `update_by` varchar(64) CHARACTER SET utf8mb4 COLLATE utf8mb4_0900_ai_ci DEFAULT '' COMMENT 'жӣҙж–°иҖ…',
  `update_time` datetime(0) DEFAULT NULL COMMENT 'жӣҙж–°ж—¶й—ҙ',
  `remark` varchar(500) CHARACTER SET utf8mb4 COLLATE utf8mb4_0900_ai_ci DEFAULT NULL COMMENT 'еӨҮжіЁ',
  PRIMARY KEY (`table_id`) USING BTREE
) ENGINE = InnoDB AUTO_INCREMENT = 4 CHARACTER SET = utf8mb4 COLLATE = utf8mb4_0900_ai_ci COMMENT = 'д»Јз Ғз”ҹжҲҗдёҡеҠЎиЎЁ' ROW_FORMAT = Dynamic;

-- ----------------------------
-- Records of gen_table
-- ----------------------------
INSERT INTO `gen_table` VALUES (1, 'purchase_in', 'йҮҮиҙӯе…Ҙеә“иЎЁ', NULL, NULL, 'PurchaseIn', 'crud', 'element-ui', 'com.ruoyi.system', 'system', 'in', 'йҮҮиҙӯе…Ҙеә“', 'ruoyi', 1, '0', '/', NULL, '110', '2026-04-14 15:19:08', '', NULL, NULL);
INSERT INTO `gen_table` VALUES (2, 'stock', '', NULL, NULL, 'Stock', 'crud', 'element-ui', 'com.ruoyi.system', 'system', 'stock', NULL, 'ruoyi', 1, '0', '/', NULL, '110', '2026-04-17 11:58:42', '', NULL, NULL);
INSERT INTO `gen_table` VALUES (3, 'outbound', '', NULL, NULL, 'Outbound', 'crud', 'element-ui', 'com.ruoyi.system', 'system', 'outbound', NULL, 'ruoyi', 1, '0', '/', NULL, '110', '2026-04-17 12:01:07', '', NULL, NULL);
INSERT INTO `gen_table` VALUES (4, 'shelf', 'иҙ§жһ¶дҝЎжҒҜиЎЁ', NULL, NULL, 'Shelf', 'crud', 'element-ui', 'com.ruoyi.system', 'system', 'shelf', 'иҙ§жһ¶дҝЎжҒҜ', 'ruoyi', 1, '0', '/', NULL, '110', '2026-05-06 17:34:28', '', NULL, NULL);

-- ----------------------------
-- Table structure for gen_table_column
-- ----------------------------
DROP TABLE IF EXISTS `gen_table_column`;
CREATE TABLE `gen_table_column`  (
  `column_id` bigint(0) NOT NULL AUTO_INCREMENT COMMENT 'зј–еҸ·',
  `table_id` bigint(0) DEFAULT NULL COMMENT 'еҪ’еұһиЎЁзј–еҸ·',
  `column_name` varchar(200) CHARACTER SET utf8mb4 COLLATE utf8mb4_0900_ai_ci DEFAULT NULL COMMENT 'еҲ—еҗҚз§°',
  `column_comment` varchar(500) CHARACTER SET utf8mb4 COLLATE utf8mb4_0900_ai_ci DEFAULT NULL COMMENT 'еҲ—жҸҸиҝ°',
  `column_type` varchar(100) CHARACTER SET utf8mb4 COLLATE utf8mb4_0900_ai_ci DEFAULT NULL COMMENT 'еҲ—зұ»еһӢ',
  `java_type` varchar(500) CHARACTER SET utf8mb4 COLLATE utf8mb4_0900_ai_ci DEFAULT NULL COMMENT 'JAVAзұ»еһӢ',
  `java_field` varchar(200) CHARACTER SET utf8mb4 COLLATE utf8mb4_0900_ai_ci DEFAULT NULL COMMENT 'JAVAеӯ—ж®өеҗҚ',
  `is_pk` char(1) CHARACTER SET utf8mb4 COLLATE utf8mb4_0900_ai_ci DEFAULT NULL COMMENT 'жҳҜеҗҰдё»й”®пјҲ1жҳҜпјү',
  `is_increment` char(1) CHARACTER SET utf8mb4 COLLATE utf8mb4_0900_ai_ci DEFAULT NULL COMMENT 'жҳҜеҗҰиҮӘеўһпјҲ1жҳҜпјү',
  `is_required` char(1) CHARACTER SET utf8mb4 COLLATE utf8mb4_0900_ai_ci DEFAULT NULL COMMENT 'жҳҜеҗҰеҝ…еЎ«пјҲ1жҳҜпјү',
  `is_insert` char(1) CHARACTER SET utf8mb4 COLLATE utf8mb4_0900_ai_ci DEFAULT NULL COMMENT 'жҳҜеҗҰдёәжҸ’е…Ҙеӯ—ж®өпјҲ1жҳҜпјү',
  `is_edit` char(1) CHARACTER SET utf8mb4 COLLATE utf8mb4_0900_ai_ci DEFAULT NULL COMMENT 'жҳҜеҗҰзј–иҫ‘еӯ—ж®өпјҲ1жҳҜпјү',
  `is_list` char(1) CHARACTER SET utf8mb4 COLLATE utf8mb4_0900_ai_ci DEFAULT NULL COMMENT 'жҳҜеҗҰеҲ—иЎЁеӯ—ж®өпјҲ1жҳҜпјү',
  `is_query` char(1) CHARACTER SET utf8mb4 COLLATE utf8mb4_0900_ai_ci DEFAULT NULL COMMENT 'жҳҜеҗҰжҹҘиҜўеӯ—ж®өпјҲ1жҳҜпјү',
  `query_type` varchar(200) CHARACTER SET utf8mb4 COLLATE utf8mb4_0900_ai_ci DEFAULT 'EQ' COMMENT 'жҹҘиҜўж–№ејҸпјҲзӯүдәҺгҖҒдёҚзӯүдәҺгҖҒеӨ§дәҺгҖҒе°ҸдәҺгҖҒиҢғеӣҙпјү',
  `html_type` varchar(200) CHARACTER SET utf8mb4 COLLATE utf8mb4_0900_ai_ci DEFAULT NULL COMMENT 'жҳҫзӨәзұ»еһӢпјҲж–Үжң¬жЎҶгҖҒж–Үжң¬еҹҹгҖҒдёӢжӢүжЎҶгҖҒеӨҚйҖүжЎҶгҖҒеҚ•йҖүжЎҶгҖҒж—ҘжңҹжҺ§д»¶пјү',
  `dict_type` varchar(200) CHARACTER SET utf8mb4 COLLATE utf8mb4_0900_ai_ci DEFAULT '' COMMENT 'еӯ—е…ёзұ»еһӢ',
  `sort` int(0) DEFAULT NULL COMMENT 'жҺ’еәҸ',
  `create_by` varchar(64) CHARACTER SET utf8mb4 COLLATE utf8mb4_0900_ai_ci DEFAULT '' COMMENT 'еҲӣе»әиҖ…',
  `create_time` datetime(0) DEFAULT NULL COMMENT 'еҲӣе»әж—¶й—ҙ',
  `update_by` varchar(64) CHARACTER SET utf8mb4 COLLATE utf8mb4_0900_ai_ci DEFAULT '' COMMENT 'жӣҙж–°иҖ…',
  `update_time` datetime(0) DEFAULT NULL COMMENT 'жӣҙж–°ж—¶й—ҙ',
  PRIMARY KEY (`column_id`) USING BTREE
) ENGINE = InnoDB AUTO_INCREMENT = 45 CHARACTER SET = utf8mb4 COLLATE = utf8mb4_0900_ai_ci COMMENT = 'д»Јз Ғз”ҹжҲҗдёҡеҠЎиЎЁеӯ—ж®ө' ROW_FORMAT = Dynamic;

-- ----------------------------
-- Records of gen_table_column
-- ----------------------------
INSERT INTO `gen_table_column` VALUES (1, 1, 'id', 'е…Ҙеә“еҚ•еҸ·', 'int', 'Long', 'id', '1', '1', '0', '1', NULL, NULL, NULL, 'EQ', 'input', '', 1, '110', '2026-04-14 15:19:08', '', NULL);
INSERT INTO `gen_table_column` VALUES (2, 1, 'product_name', 'е•Ҷе“ҒеҗҚз§°', 'varchar(100)', 'String', 'productName', '0', '0', '1', '1', '1', '1', '1', 'LIKE', 'input', '', 2, '110', '2026-04-14 15:19:08', '', NULL);
INSERT INTO `gen_table_column` VALUES (3, 1, 'specification', 'и§„ж јеһӢеҸ·', 'varchar(100)', 'String', 'specification', '0', '0', '0', '1', '1', '1', '1', 'EQ', 'input', '', 3, '110', '2026-04-14 15:19:08', '', NULL);
INSERT INTO `gen_table_column` VALUES (4, 1, 'quantity', 'ж•°йҮҸ', 'decimal(10,2)', 'BigDecimal', 'quantity', '0', '0', '1', '1', '1', '1', '1', 'EQ', 'input', '', 4, '110', '2026-04-14 15:19:08', '', NULL);
INSERT INTO `gen_table_column` VALUES (5, 1, 'unit', 'еҚ•дҪҚ', 'varchar(20)', 'String', 'unit', '0', '0', '1', '1', '1', '1', '1', 'EQ', 'input', '', 5, '110', '2026-04-14 15:19:08', '', NULL);
INSERT INTO `gen_table_column` VALUES (6, 1, 'unit_price', 'еҚ•д»·', 'decimal(10,2)', 'BigDecimal', 'unitPrice', '0', '0', '1', '1', '1', '1', '1', 'EQ', 'input', '', 6, '110', '2026-04-14 15:19:08', '', NULL);
INSERT INTO `gen_table_column` VALUES (7, 1, 'total_price', 'жҖ»йҮ‘йўқ', 'decimal(10,2)', 'BigDecimal', 'totalPrice', '0', '0', '1', '1', '1', '1', '1', 'EQ', 'input', '', 7, '110', '2026-04-14 15:19:08', '', NULL);
INSERT INTO `gen_table_column` VALUES (8, 1, 'supplier', 'дҫӣеә”е•Ҷ', 'varchar(100)', 'String', 'supplier', '0', '0', '1', '1', '1', '1', '1', 'EQ', 'input', '', 8, '110', '2026-04-14 15:19:08', '', NULL);
INSERT INTO `gen_table_column` VALUES (9, 1, 'storage_date', 'е…Ҙеә“ж—Ҙжңҹ', 'date', 'Date', 'storageDate', '0', '0', '1', '1', '1', '1', '1', 'EQ', 'datetime', '', 9, '110', '2026-04-14 15:19:08', '', NULL);
INSERT INTO `gen_table_column` VALUES (10, 1, 'remark', 'еӨҮжіЁ', 'varchar(500)', 'String', 'remark', '0', '0', '0', '1', '1', '1', NULL, 'EQ', 'textarea', '', 10, '110', '2026-04-14 15:19:08', '', NULL);
INSERT INTO `gen_table_column` VALUES (11, 1, 'create_by', 'еҲӣе»әиҖ…', 'varchar(64)', 'String', 'createBy', '0', '0', '0', '1', NULL, NULL, NULL, 'EQ', 'input', '', 11, '110', '2026-04-14 15:19:08', '', NULL);
INSERT INTO `gen_table_column` VALUES (12, 1, 'create_time', 'еҲӣе»әж—¶й—ҙ', 'datetime', 'Date', 'createTime', '0', '0', '0', '1', NULL, NULL, NULL, 'EQ', 'datetime', '', 12, '110', '2026-04-14 15:19:08', '', NULL);
INSERT INTO `gen_table_column` VALUES (13, 1, 'update_by', 'жӣҙж–°иҖ…', 'varchar(64)', 'String', 'updateBy', '0', '0', '0', '1', '1', NULL, NULL, 'EQ', 'input', '', 13, '110', '2026-04-14 15:19:08', '', NULL);
INSERT INTO `gen_table_column` VALUES (14, 1, 'update_time', 'жӣҙж–°ж—¶й—ҙ', 'datetime', 'Date', 'updateTime', '0', '0', '0', '1', '1', NULL, NULL, 'EQ', 'datetime', '', 14, '110', '2026-04-14 15:19:08', '', NULL);
INSERT INTO `gen_table_column` VALUES (15, 2, 'id', NULL, 'int', 'Long', 'id', '1', '1', '0', '1', NULL, NULL, NULL, 'EQ', 'input', '', 1, '110', '2026-04-17 11:58:42', '', NULL);
INSERT INTO `gen_table_column` VALUES (16, 2, 'product_name', 'дә§е“ҒеҗҚз§°', 'varchar(100)', 'String', 'productName', '0', '0', '1', '1', '1', '1', '1', 'LIKE', 'input', '', 2, '110', '2026-04-17 11:58:42', '', NULL);
INSERT INTO `gen_table_column` VALUES (17, 2, 'specification', 'и§„ж јеһӢеҸ·', 'varchar(100)', 'String', 'specification', '0', '0', '0', '1', '1', '1', '1', 'EQ', 'input', '', 3, '110', '2026-04-17 11:58:42', '', NULL);
INSERT INTO `gen_table_column` VALUES (18, 2, 'quantity', 'еҪ“еүҚеә“еӯҳж•°йҮҸ', 'decimal(10,2)', 'BigDecimal', 'quantity', '0', '0', '1', '1', '1', '1', '1', 'EQ', 'input', '', 4, '110', '2026-04-17 11:58:42', '', NULL);
INSERT INTO `gen_table_column` VALUES (19, 2, 'unit', 'еҚ•дҪҚ', 'varchar(20)', 'String', 'unit', '0', '0', '0', '1', '1', '1', '1', 'EQ', 'input', '', 5, '110', '2026-04-17 11:58:42', '', NULL);
INSERT INTO `gen_table_column` VALUES (20, 2, 'last_in_time', 'жңҖиҝ‘е…Ҙеә“ж—¶й—ҙ', 'datetime', 'Date', 'lastInTime', '0', '0', '0', '1', '1', '1', '1', 'EQ', 'datetime', '', 6, '110', '2026-04-17 11:58:42', '', NULL);
INSERT INTO `gen_table_column` VALUES (21, 2, 'last_out_time', 'жңҖиҝ‘еҮәеә“ж—¶й—ҙ', 'datetime', 'Date', 'lastOutTime', '0', '0', '0', '1', '1', '1', '1', 'EQ', 'datetime', '', 7, '110', '2026-04-17 11:58:42', '', NULL);
INSERT INTO `gen_table_column` VALUES (22, 2, 'create_by', 'еҲӣе»әдәә', 'varchar(64)', 'String', 'createBy', '0', '0', '0', '1', NULL, NULL, NULL, 'EQ', 'input', '', 8, '110', '2026-04-17 11:58:42', '', NULL);
INSERT INTO `gen_table_column` VALUES (23, 2, 'create_time', 'еҲӣе»әж—¶й—ҙ', 'datetime', 'Date', 'createTime', '0', '0', '0', '1', NULL, NULL, NULL, 'EQ', 'datetime', '', 9, '110', '2026-04-17 11:58:42', '', NULL);
INSERT INTO `gen_table_column` VALUES (24, 2, 'update_by', 'жӣҙж–°дәә', 'varchar(64)', 'String', 'updateBy', '0', '0', '0', '1', '1', NULL, NULL, 'EQ', 'input', '', 10, '110', '2026-04-17 11:58:42', '', NULL);
INSERT INTO `gen_table_column` VALUES (25, 2, 'update_time', 'жӣҙж–°ж—¶й—ҙ', 'datetime', 'Date', 'updateTime', '0', '0', '0', '1', '1', NULL, NULL, 'EQ', 'datetime', '', 11, '110', '2026-04-17 11:58:42', '', NULL);
INSERT INTO `gen_table_column` VALUES (26, 3, 'id', NULL, 'int', 'Long', 'id', '1', '1', '0', '1', NULL, NULL, NULL, 'EQ', 'input', '', 1, '110', '2026-04-17 12:01:07', '', NULL);
INSERT INTO `gen_table_column` VALUES (27, 3, 'product_name', 'дә§е“ҒеҗҚз§°', 'varchar(100)', 'String', 'productName', '0', '0', '1', '1', '1', '1', '1', 'LIKE', 'input', '', 2, '110', '2026-04-17 12:01:07', '', NULL);
INSERT INTO `gen_table_column` VALUES (28, 3, 'specification', 'и§„ж јеһӢеҸ·', 'varchar(100)', 'String', 'specification', '0', '0', '0', '1', '1', '1', '1', 'EQ', 'input', '', 3, '110', '2026-04-17 12:01:07', '', NULL);
INSERT INTO `gen_table_column` VALUES (29, 3, 'quantity', 'еҮәеә“ж•°йҮҸ', 'decimal(10,2)', 'BigDecimal', 'quantity', '0', '0', '1', '1', '1', '1', '1', 'EQ', 'input', '', 4, '110', '2026-04-17 12:01:07', '', NULL);
INSERT INTO `gen_table_column` VALUES (30, 3, 'unit', 'еҚ•дҪҚ', 'varchar(20)', 'String', 'unit', '0', '0', '0', '1', '1', '1', '1', 'EQ', 'input', '', 5, '110', '2026-04-17 12:01:07', '', NULL);
INSERT INTO `gen_table_column` VALUES (31, 3, 'out_date', 'еҮәеә“ж—Ҙжңҹ', 'date', 'Date', 'outDate', '0', '0', '1', '1', '1', '1', '1', 'EQ', 'datetime', '', 6, '110', '2026-04-17 12:01:07', '', NULL);
INSERT INTO `gen_table_column` VALUES (32, 3, 'remark', 'еӨҮжіЁ', 'varchar(500)', 'String', 'remark', '0', '0', '0', '1', '1', '1', NULL, 'EQ', 'textarea', '', 7, '110', '2026-04-17 12:01:07', '', NULL);
INSERT INTO `gen_table_column` VALUES (33, 3, 'create_by', 'еҲӣе»әдәә', 'varchar(64)', 'String', 'createBy', '0', '0', '0', '1', NULL, NULL, NULL, 'EQ', 'input', '', 8, '110', '2026-04-17 12:01:07', '', NULL);
INSERT INTO `gen_table_column` VALUES (34, 3, 'create_time', 'еҲӣе»әж—¶й—ҙ', 'datetime', 'Date', 'createTime', '0', '0', '0', '1', NULL, NULL, NULL, 'EQ', 'datetime', '', 9, '110', '2026-04-17 12:01:07', '', NULL);
INSERT INTO `gen_table_column` VALUES (35, 3, 'update_by', 'жӣҙж–°дәә', 'varchar(64)', 'String', 'updateBy', '0', '0', '0', '1', '1', NULL, NULL, 'EQ', 'input', '', 10, '110', '2026-04-17 12:01:07', '', NULL);
INSERT INTO `gen_table_column` VALUES (36, 3, 'update_time', 'жӣҙж–°ж—¶й—ҙ', 'datetime', 'Date', 'updateTime', '0', '0', '0', '1', '1', NULL, NULL, 'EQ', 'datetime', '', 11, '110', '2026-04-17 12:01:07', '', NULL);
INSERT INTO `gen_table_column` VALUES (37, 4, 'id', 'иҙ§жһ¶ID', 'int', 'Long', 'id', '1', '1', '0', '1', NULL, NULL, NULL, 'EQ', 'input', '', 1, '110', '2026-05-06 17:34:28', '', NULL);
INSERT INTO `gen_table_column` VALUES (38, 4, 'location_code', 'еә“дҪҚзј–з ҒпјҢеҰӮпјҡA01гҖҒB02', 'varchar(10)', 'String', 'locationCode', '0', '0', '1', '1', '1', '1', '1', 'EQ', 'input', '', 2, '110', '2026-05-06 17:34:28', '', NULL);
INSERT INTO `gen_table_column` VALUES (39, 4, 'location_name', 'еә“дҪҚеҗҚз§°пјҲеҸҜйҖүпјү', 'varchar(50)', 'String', 'locationName', '0', '0', '0', '1', '1', '1', '1', 'LIKE', 'input', '', 3, '110', '2026-05-06 17:34:28', '', NULL);
INSERT INTO `gen_table_column` VALUES (40, 4, 'pos_x', '3DеңәжҷҜ X еқҗж Ү', 'decimal(10,2)', 'BigDecimal', 'posX', '0', '0', '1', '1', '1', '1', '1', 'EQ', 'input', '', 4, '110', '2026-05-06 17:34:28', '', NULL);
INSERT INTO `gen_table_column` VALUES (41, 4, 'pos_z', '3DеңәжҷҜ Z еқҗж Ү', 'decimal(10,2)', 'BigDecimal', 'posZ', '0', '0', '1', '1', '1', '1', '1', 'EQ', 'input', '', 5, '110', '2026-05-06 17:34:28', '', NULL);
INSERT INTO `gen_table_column` VALUES (42, 4, 'capacity', 'жңҖеӨ§е®№йҮҸпјҲд»¶ж•°пјү', 'int', 'Long', 'capacity', '0', '0', '0', '1', '1', '1', '1', 'EQ', 'input', '', 6, '110', '2026-05-06 17:34:28', '', NULL);
INSERT INTO `gen_table_column` VALUES (43, 4, 'status', 'зҠ¶жҖҒпјҡ0-зҰҒз”Ё 1-жӯЈеёё 2-з»ҙдҝ®дёӯ', 'tinyint', 'Long', 'status', '0', '0', '0', '1', '1', '1', '1', 'EQ', 'radio', '', 7, '110', '2026-05-06 17:34:28', '', NULL);
INSERT INTO `gen_table_column` VALUES (44, 4, 'create_time', NULL, 'datetime', 'Date', 'createTime', '0', '0', '0', '1', NULL, NULL, NULL, 'EQ', 'datetime', '', 8, '110', '2026-05-06 17:34:28', '', NULL);
INSERT INTO `gen_table_column` VALUES (45, 4, 'update_time', NULL, 'datetime', 'Date', 'updateTime', '0', '0', '0', '1', '1', NULL, NULL, 'EQ', 'datetime', '', 9, '110', '2026-05-06 17:34:28', '', NULL);

-- ----------------------------
-- Table structure for outbound
-- ----------------------------
DROP TABLE IF EXISTS `outbound`;
CREATE TABLE `outbound`  (
  `id` bigint(0) NOT NULL AUTO_INCREMENT,
  `product_name` varchar(100) CHARACTER SET utf8mb4 COLLATE utf8mb4_0900_ai_ci DEFAULT NULL,
  `specification` varchar(100) CHARACTER SET utf8mb4 COLLATE utf8mb4_0900_ai_ci DEFAULT NULL,
  `production_date` date DEFAULT NULL,
  `shelf_life` int(0) DEFAULT NULL,
  `quantity` int(0) DEFAULT NULL,
  `unit` varchar(20) CHARACTER SET utf8mb4 COLLATE utf8mb4_0900_ai_ci DEFAULT NULL,
  `out_date` date DEFAULT NULL,
  `remark` varchar(255) CHARACTER SET utf8mb4 COLLATE utf8mb4_0900_ai_ci DEFAULT NULL,
  `create_time` datetime(0) DEFAULT CURRENT_TIMESTAMP,
  `type` varchar(50) CHARACTER SET utf8mb4 COLLATE utf8mb4_0900_ai_ci DEFAULT 'normal',
  `create_by` varchar(50) CHARACTER SET utf8mb4 COLLATE utf8mb4_0900_ai_ci DEFAULT NULL COMMENT 'еҲӣе»әдәә',
  `update_by` varchar(50) CHARACTER SET utf8mb4 COLLATE utf8mb4_0900_ai_ci DEFAULT NULL COMMENT 'жӣҙж–°дәә',
  `update_time` datetime(0) DEFAULT NULL COMMENT 'жӣҙж–°ж—¶й—ҙ',
  `location` varchar(20) CHARACTER SET utf8mb4 COLLATE utf8mb4_0900_ai_ci DEFAULT NULL COMMENT 'еә“дҪҚзј–з Ғ',
  PRIMARY KEY (`id`) USING BTREE
) ENGINE = InnoDB AUTO_INCREMENT = 4 CHARACTER SET = utf8mb4 COLLATE = utf8mb4_0900_ai_ci ROW_FORMAT = Dynamic;

-- ----------------------------
-- Records of outbound
-- ----------------------------
INSERT INTO `outbound` VALUES (1, 'зҹҝжіүж°ҙ', NULL, NULL, NULL, 10, 'з®ұ', '2026-05-07', NULL, '2026-05-07 15:20:08', 'normal', NULL, NULL, NULL, NULL);
INSERT INTO `outbound` VALUES (2, 'и“қиҺ“', NULL, NULL, NULL, 10, 'зӣ’', '2026-05-09', NULL, '2026-05-09 11:16:47', 'normal', NULL, NULL, NULL, NULL);
INSERT INTO `outbound` VALUES (3, 'иҘҝз“ң', NULL, NULL, NULL, 190, 'дёӘ', '2026-05-09', NULL, '2026-05-09 13:48:34', 'normal', NULL, NULL, NULL, NULL);

-- ----------------------------
-- Table structure for purchase_in
-- ----------------------------
DROP TABLE IF EXISTS `purchase_in`;
CREATE TABLE `purchase_in`  (
  `id` bigint(0) NOT NULL AUTO_INCREMENT COMMENT 'дё»й”®ID',
  `product_name` varchar(100) CHARACTER SET utf8mb4 COLLATE utf8mb4_0900_ai_ci DEFAULT NULL COMMENT 'дә§е“ҒеҗҚз§°',
  `specification` varchar(100) CHARACTER SET utf8mb4 COLLATE utf8mb4_0900_ai_ci DEFAULT NULL COMMENT 'и§„ж јеһӢеҸ·',
  `production_date` date DEFAULT NULL COMMENT 'з”ҹдә§ж—Ҙжңҹ',
  `shelf_life` int(0) DEFAULT NULL COMMENT 'дҝқиҙЁжңҹпјҲеӨ©пјү',
  `quantity` int(0) DEFAULT NULL COMMENT 'ж•°йҮҸ',
  `unit` varchar(20) CHARACTER SET utf8mb4 COLLATE utf8mb4_0900_ai_ci DEFAULT NULL COMMENT 'еҚ•дҪҚ',
  `storage_date` date DEFAULT NULL COMMENT 'е…Ҙеә“ж—Ҙжңҹ',
  `type` varchar(50) CHARACTER SET utf8mb4 COLLATE utf8mb4_0900_ai_ci DEFAULT NULL COMMENT 'зұ»еһӢ',
  `remark` varchar(500) CHARACTER SET utf8mb4 COLLATE utf8mb4_0900_ai_ci DEFAULT NULL COMMENT 'еӨҮжіЁ',
  `create_by` varchar(50) CHARACTER SET utf8mb4 COLLATE utf8mb4_0900_ai_ci DEFAULT NULL COMMENT 'еҲӣе»әдәә',
  `create_time` datetime(0) DEFAULT NULL COMMENT 'еҲӣе»әж—¶й—ҙ',
  `update_by` varchar(50) CHARACTER SET utf8mb4 COLLATE utf8mb4_0900_ai_ci DEFAULT NULL COMMENT 'жӣҙж–°дәә',
  `update_time` datetime(0) DEFAULT NULL COMMENT 'жӣҙж–°ж—¶й—ҙ',
  `location` varchar(20) CHARACTER SET utf8mb4 COLLATE utf8mb4_0900_ai_ci DEFAULT NULL COMMENT 'еә“дҪҚ',
  PRIMARY KEY (`id`) USING BTREE
) ENGINE = InnoDB AUTO_INCREMENT = 10 CHARACTER SET = utf8mb4 COLLATE = utf8mb4_0900_ai_ci COMMENT = 'е…Ҙеә“иЎЁ' ROW_FORMAT = Dynamic;

-- ----------------------------
-- Records of purchase_in
-- ----------------------------
INSERT INTO `purchase_in` VALUES (6, 'и“қиҺ“', NULL, '2026-05-06', 30, 10, 'зӣ’', '2026-05-07', NULL, NULL, NULL, '2026-05-07 15:12:02', NULL, NULL, 'A1');
INSERT INTO `purchase_in` VALUES (7, 'е’–е•Ў', NULL, '2026-05-01', 180, 5, 'зӣ’', '2026-05-07', NULL, NULL, NULL, '2026-05-07 15:15:33', NULL, NULL, 'A1');
INSERT INTO `purchase_in` VALUES (8, 'зҹҝжіүж°ҙ', NULL, '2026-04-01', 360, 10, 'з®ұ', '2026-05-07', NULL, NULL, NULL, '2026-05-07 15:19:28', NULL, NULL, 'A1');
INSERT INTO `purchase_in` VALUES (9, 'иҘҝз“ң', NULL, '2026-05-08', 15, 100, 'дёӘ', '2026-05-09', NULL, NULL, NULL, '2026-05-09 11:17:44', NULL, NULL, 'A3');

-- ----------------------------
-- Table structure for qrtz_blob_triggers
-- ----------------------------
DROP TABLE IF EXISTS `qrtz_blob_triggers`;
CREATE TABLE `qrtz_blob_triggers`  (
  `sched_name` varchar(120) CHARACTER SET utf8mb4 COLLATE utf8mb4_0900_ai_ci NOT NULL COMMENT 'и°ғеәҰеҗҚз§°',
  `trigger_name` varchar(200) CHARACTER SET utf8mb4 COLLATE utf8mb4_0900_ai_ci NOT NULL COMMENT 'qrtz_triggersиЎЁtrigger_nameзҡ„еӨ–й”®',
  `trigger_group` varchar(200) CHARACTER SET utf8mb4 COLLATE utf8mb4_0900_ai_ci NOT NULL COMMENT 'qrtz_triggersиЎЁtrigger_groupзҡ„еӨ–й”®',
  `blob_data` blob COMMENT 'еӯҳж”ҫжҢҒд№…еҢ–TriggerеҜ№иұЎ',
  PRIMARY KEY (`sched_name`, `trigger_name`, `trigger_group`) USING BTREE,
  CONSTRAINT `qrtz_blob_triggers_ibfk_1` FOREIGN KEY (`sched_name`, `trigger_name`, `trigger_group`) REFERENCES `qrtz_triggers` (`sched_name`, `trigger_name`, `trigger_group`) ON DELETE RESTRICT ON UPDATE RESTRICT
) ENGINE = InnoDB CHARACTER SET = utf8mb4 COLLATE = utf8mb4_0900_ai_ci COMMENT = 'Blobзұ»еһӢзҡ„и§ҰеҸ‘еҷЁиЎЁ' ROW_FORMAT = Dynamic;

-- ----------------------------
-- Table structure for qrtz_calendars
-- ----------------------------
DROP TABLE IF EXISTS `qrtz_calendars`;
CREATE TABLE `qrtz_calendars`  (
  `sched_name` varchar(120) CHARACTER SET utf8mb4 COLLATE utf8mb4_0900_ai_ci NOT NULL COMMENT 'и°ғеәҰеҗҚз§°',
  `calendar_name` varchar(200) CHARACTER SET utf8mb4 COLLATE utf8mb4_0900_ai_ci NOT NULL COMMENT 'ж—ҘеҺҶеҗҚз§°',
  `calendar` blob NOT NULL COMMENT 'еӯҳж”ҫжҢҒд№…еҢ–calendarеҜ№иұЎ',
  PRIMARY KEY (`sched_name`, `calendar_name`) USING BTREE
) ENGINE = InnoDB CHARACTER SET = utf8mb4 COLLATE = utf8mb4_0900_ai_ci COMMENT = 'ж—ҘеҺҶдҝЎжҒҜиЎЁ' ROW_FORMAT = Dynamic;

-- ----------------------------
-- Table structure for qrtz_cron_triggers
-- ----------------------------
DROP TABLE IF EXISTS `qrtz_cron_triggers`;
CREATE TABLE `qrtz_cron_triggers`  (
  `sched_name` varchar(120) CHARACTER SET utf8mb4 COLLATE utf8mb4_0900_ai_ci NOT NULL COMMENT 'и°ғеәҰеҗҚз§°',
  `trigger_name` varchar(200) CHARACTER SET utf8mb4 COLLATE utf8mb4_0900_ai_ci NOT NULL COMMENT 'qrtz_triggersиЎЁtrigger_nameзҡ„еӨ–й”®',
  `trigger_group` varchar(200) CHARACTER SET utf8mb4 COLLATE utf8mb4_0900_ai_ci NOT NULL COMMENT 'qrtz_triggersиЎЁtrigger_groupзҡ„еӨ–й”®',
  `cron_expression` varchar(200) CHARACTER SET utf8mb4 COLLATE utf8mb4_0900_ai_ci NOT NULL COMMENT 'cronиЎЁиҫҫејҸ',
  `time_zone_id` varchar(80) CHARACTER SET utf8mb4 COLLATE utf8mb4_0900_ai_ci DEFAULT NULL COMMENT 'ж—¶еҢә',
  PRIMARY KEY (`sched_name`, `trigger_name`, `trigger_group`) USING BTREE,
  CONSTRAINT `qrtz_cron_triggers_ibfk_1` FOREIGN KEY (`sched_name`, `trigger_name`, `trigger_group`) REFERENCES `qrtz_triggers` (`sched_name`, `trigger_name`, `trigger_group`) ON DELETE RESTRICT ON UPDATE RESTRICT
) ENGINE = InnoDB CHARACTER SET = utf8mb4 COLLATE = utf8mb4_0900_ai_ci COMMENT = 'Cronзұ»еһӢзҡ„и§ҰеҸ‘еҷЁиЎЁ' ROW_FORMAT = Dynamic;

-- ----------------------------
-- Table structure for qrtz_fired_triggers
-- ----------------------------
DROP TABLE IF EXISTS `qrtz_fired_triggers`;
CREATE TABLE `qrtz_fired_triggers`  (
  `sched_name` varchar(120) CHARACTER SET utf8mb4 COLLATE utf8mb4_0900_ai_ci NOT NULL COMMENT 'и°ғеәҰеҗҚз§°',
  `entry_id` varchar(95) CHARACTER SET utf8mb4 COLLATE utf8mb4_0900_ai_ci NOT NULL COMMENT 'и°ғеәҰеҷЁе®һдҫӢid',
  `trigger_name` varchar(200) CHARACTER SET utf8mb4 COLLATE utf8mb4_0900_ai_ci NOT NULL COMMENT 'qrtz_triggersиЎЁtrigger_nameзҡ„еӨ–й”®',
  `trigger_group` varchar(200) CHARACTER SET utf8mb4 COLLATE utf8mb4_0900_ai_ci NOT NULL COMMENT 'qrtz_triggersиЎЁtrigger_groupзҡ„еӨ–й”®',
  `instance_name` varchar(200) CHARACTER SET utf8mb4 COLLATE utf8mb4_0900_ai_ci NOT NULL COMMENT 'и°ғеәҰеҷЁе®һдҫӢеҗҚ',
  `fired_time` bigint(0) NOT NULL COMMENT 'и§ҰеҸ‘зҡ„ж—¶й—ҙ',
  `sched_time` bigint(0) NOT NULL COMMENT 'е®ҡж—¶еҷЁеҲ¶е®ҡзҡ„ж—¶й—ҙ',
  `priority` int(0) NOT NULL COMMENT 'дјҳе…Ҳзә§',
  `state` varchar(16) CHARACTER SET utf8mb4 COLLATE utf8mb4_0900_ai_ci NOT NULL COMMENT 'зҠ¶жҖҒ',
  `job_name` varchar(200) CHARACTER SET utf8mb4 COLLATE utf8mb4_0900_ai_ci DEFAULT NULL COMMENT 'д»»еҠЎеҗҚз§°',
  `job_group` varchar(200) CHARACTER SET utf8mb4 COLLATE utf8mb4_0900_ai_ci DEFAULT NULL COMMENT 'д»»еҠЎз»„еҗҚ',
  `is_nonconcurrent` varchar(1) CHARACTER SET utf8mb4 COLLATE utf8mb4_0900_ai_ci DEFAULT NULL COMMENT 'жҳҜеҗҰе№¶еҸ‘',
  `requests_recovery` varchar(1) CHARACTER SET utf8mb4 COLLATE utf8mb4_0900_ai_ci DEFAULT NULL COMMENT 'жҳҜеҗҰжҺҘеҸ—жҒўеӨҚжү§иЎҢ',
  PRIMARY KEY (`sched_name`, `entry_id`) USING BTREE
) ENGINE = InnoDB CHARACTER SET = utf8mb4 COLLATE = utf8mb4_0900_ai_ci COMMENT = 'е·Іи§ҰеҸ‘зҡ„и§ҰеҸ‘еҷЁиЎЁ' ROW_FORMAT = Dynamic;

-- ----------------------------
-- Table structure for qrtz_job_details
-- ----------------------------
DROP TABLE IF EXISTS `qrtz_job_details`;
CREATE TABLE `qrtz_job_details`  (
  `sched_name` varchar(120) CHARACTER SET utf8mb4 COLLATE utf8mb4_0900_ai_ci NOT NULL COMMENT 'и°ғеәҰеҗҚз§°',
  `job_name` varchar(200) CHARACTER SET utf8mb4 COLLATE utf8mb4_0900_ai_ci NOT NULL COMMENT 'д»»еҠЎеҗҚз§°',
  `job_group` varchar(200) CHARACTER SET utf8mb4 COLLATE utf8mb4_0900_ai_ci NOT NULL COMMENT 'д»»еҠЎз»„еҗҚ',
  `description` varchar(250) CHARACTER SET utf8mb4 COLLATE utf8mb4_0900_ai_ci DEFAULT NULL COMMENT 'зӣёе…ід»Ӣз»Қ',
  `job_class_name` varchar(250) CHARACTER SET utf8mb4 COLLATE utf8mb4_0900_ai_ci NOT NULL COMMENT 'жү§иЎҢд»»еҠЎзұ»еҗҚз§°',
  `is_durable` varchar(1) CHARACTER SET utf8mb4 COLLATE utf8mb4_0900_ai_ci NOT NULL COMMENT 'жҳҜеҗҰжҢҒд№…еҢ–',
  `is_nonconcurrent` varchar(1) CHARACTER SET utf8mb4 COLLATE utf8mb4_0900_ai_ci NOT NULL COMMENT 'жҳҜеҗҰе№¶еҸ‘',
  `is_update_data` varchar(1) CHARACTER SET utf8mb4 COLLATE utf8mb4_0900_ai_ci NOT NULL COMMENT 'жҳҜеҗҰжӣҙж–°ж•°жҚ®',
  `requests_recovery` varchar(1) CHARACTER SET utf8mb4 COLLATE utf8mb4_0900_ai_ci NOT NULL COMMENT 'жҳҜеҗҰжҺҘеҸ—жҒўеӨҚжү§иЎҢ',
  `job_data` blob COMMENT 'еӯҳж”ҫжҢҒд№…еҢ–jobеҜ№иұЎ',
  PRIMARY KEY (`sched_name`, `job_name`, `job_group`) USING BTREE
) ENGINE = InnoDB CHARACTER SET = utf8mb4 COLLATE = utf8mb4_0900_ai_ci COMMENT = 'д»»еҠЎиҜҰз»ҶдҝЎжҒҜиЎЁ' ROW_FORMAT = Dynamic;

-- ----------------------------
-- Table structure for qrtz_locks
-- ----------------------------
DROP TABLE IF EXISTS `qrtz_locks`;
CREATE TABLE `qrtz_locks`  (
  `sched_name` varchar(120) CHARACTER SET utf8mb4 COLLATE utf8mb4_0900_ai_ci NOT NULL COMMENT 'и°ғеәҰеҗҚз§°',
  `lock_name` varchar(40) CHARACTER SET utf8mb4 COLLATE utf8mb4_0900_ai_ci NOT NULL COMMENT 'жӮІи§Ӯй”ҒеҗҚз§°',
  PRIMARY KEY (`sched_name`, `lock_name`) USING BTREE
) ENGINE = InnoDB CHARACTER SET = utf8mb4 COLLATE = utf8mb4_0900_ai_ci COMMENT = 'еӯҳеӮЁзҡ„жӮІи§Ӯй”ҒдҝЎжҒҜиЎЁ' ROW_FORMAT = Dynamic;

-- ----------------------------
-- Table structure for qrtz_paused_trigger_grps
-- ----------------------------
DROP TABLE IF EXISTS `qrtz_paused_trigger_grps`;
CREATE TABLE `qrtz_paused_trigger_grps`  (
  `sched_name` varchar(120) CHARACTER SET utf8mb4 COLLATE utf8mb4_0900_ai_ci NOT NULL COMMENT 'и°ғеәҰеҗҚз§°',
  `trigger_group` varchar(200) CHARACTER SET utf8mb4 COLLATE utf8mb4_0900_ai_ci NOT NULL COMMENT 'qrtz_triggersиЎЁtrigger_groupзҡ„еӨ–й”®',
  PRIMARY KEY (`sched_name`, `trigger_group`) USING BTREE
) ENGINE = InnoDB CHARACTER SET = utf8mb4 COLLATE = utf8mb4_0900_ai_ci COMMENT = 'жҡӮеҒңзҡ„и§ҰеҸ‘еҷЁиЎЁ' ROW_FORMAT = Dynamic;

-- ----------------------------
-- Table structure for qrtz_scheduler_state
-- ----------------------------
DROP TABLE IF EXISTS `qrtz_scheduler_state`;
CREATE TABLE `qrtz_scheduler_state`  (
  `sched_name` varchar(120) CHARACTER SET utf8mb4 COLLATE utf8mb4_0900_ai_ci NOT NULL COMMENT 'и°ғеәҰеҗҚз§°',
  `instance_name` varchar(200) CHARACTER SET utf8mb4 COLLATE utf8mb4_0900_ai_ci NOT NULL COMMENT 'е®һдҫӢеҗҚз§°',
  `last_checkin_time` bigint(0) NOT NULL COMMENT 'дёҠж¬ЎжЈҖжҹҘж—¶й—ҙ',
  `checkin_interval` bigint(0) NOT NULL COMMENT 'жЈҖжҹҘй—ҙйҡ”ж—¶й—ҙ',
  PRIMARY KEY (`sched_name`, `instance_name`) USING BTREE
) ENGINE = InnoDB CHARACTER SET = utf8mb4 COLLATE = utf8mb4_0900_ai_ci COMMENT = 'и°ғеәҰеҷЁзҠ¶жҖҒиЎЁ' ROW_FORMAT = Dynamic;

-- ----------------------------
-- Table structure for qrtz_simple_triggers
-- ----------------------------
DROP TABLE IF EXISTS `qrtz_simple_triggers`;
CREATE TABLE `qrtz_simple_triggers`  (
  `sched_name` varchar(120) CHARACTER SET utf8mb4 COLLATE utf8mb4_0900_ai_ci NOT NULL COMMENT 'и°ғеәҰеҗҚз§°',
  `trigger_name` varchar(200) CHARACTER SET utf8mb4 COLLATE utf8mb4_0900_ai_ci NOT NULL COMMENT 'qrtz_triggersиЎЁtrigger_nameзҡ„еӨ–й”®',
  `trigger_group` varchar(200) CHARACTER SET utf8mb4 COLLATE utf8mb4_0900_ai_ci NOT NULL COMMENT 'qrtz_triggersиЎЁtrigger_groupзҡ„еӨ–й”®',
  `repeat_count` bigint(0) NOT NULL COMMENT 'йҮҚеӨҚзҡ„ж¬Ўж•°з»ҹи®Ў',
  `repeat_interval` bigint(0) NOT NULL COMMENT 'йҮҚеӨҚзҡ„й—ҙйҡ”ж—¶й—ҙ',
  `times_triggered` bigint(0) NOT NULL COMMENT 'е·Із»Ҹи§ҰеҸ‘зҡ„ж¬Ўж•°',
  PRIMARY KEY (`sched_name`, `trigger_name`, `trigger_group`) USING BTREE,
  CONSTRAINT `qrtz_simple_triggers_ibfk_1` FOREIGN KEY (`sched_name`, `trigger_name`, `trigger_group`) REFERENCES `qrtz_triggers` (`sched_name`, `trigger_name`, `trigger_group`) ON DELETE RESTRICT ON UPDATE RESTRICT
) ENGINE = InnoDB CHARACTER SET = utf8mb4 COLLATE = utf8mb4_0900_ai_ci COMMENT = 'з®ҖеҚ•и§ҰеҸ‘еҷЁзҡ„дҝЎжҒҜиЎЁ' ROW_FORMAT = Dynamic;

-- ----------------------------
-- Table structure for qrtz_simprop_triggers
-- ----------------------------
DROP TABLE IF EXISTS `qrtz_simprop_triggers`;
CREATE TABLE `qrtz_simprop_triggers`  (
  `sched_name` varchar(120) CHARACTER SET utf8mb4 COLLATE utf8mb4_0900_ai_ci NOT NULL COMMENT 'и°ғеәҰеҗҚз§°',
  `trigger_name` varchar(200) CHARACTER SET utf8mb4 COLLATE utf8mb4_0900_ai_ci NOT NULL COMMENT 'qrtz_triggersиЎЁtrigger_nameзҡ„еӨ–й”®',
  `trigger_group` varchar(200) CHARACTER SET utf8mb4 COLLATE utf8mb4_0900_ai_ci NOT NULL COMMENT 'qrtz_triggersиЎЁtrigger_groupзҡ„еӨ–й”®',
  `str_prop_1` varchar(512) CHARACTER SET utf8mb4 COLLATE utf8mb4_0900_ai_ci DEFAULT NULL COMMENT 'Stringзұ»еһӢзҡ„triggerзҡ„з¬¬дёҖдёӘеҸӮж•°',
  `str_prop_2` varchar(512) CHARACTER SET utf8mb4 COLLATE utf8mb4_0900_ai_ci DEFAULT NULL COMMENT 'Stringзұ»еһӢзҡ„triggerзҡ„з¬¬дәҢдёӘеҸӮж•°',
  `str_prop_3` varchar(512) CHARACTER SET utf8mb4 COLLATE utf8mb4_0900_ai_ci DEFAULT NULL COMMENT 'Stringзұ»еһӢзҡ„triggerзҡ„з¬¬дёүдёӘеҸӮж•°',
  `int_prop_1` int(0) DEFAULT NULL COMMENT 'intзұ»еһӢзҡ„triggerзҡ„з¬¬дёҖдёӘеҸӮж•°',
  `int_prop_2` int(0) DEFAULT NULL COMMENT 'intзұ»еһӢзҡ„triggerзҡ„з¬¬дәҢдёӘеҸӮж•°',
  `long_prop_1` bigint(0) DEFAULT NULL COMMENT 'longзұ»еһӢзҡ„triggerзҡ„з¬¬дёҖдёӘеҸӮж•°',
  `long_prop_2` bigint(0) DEFAULT NULL COMMENT 'longзұ»еһӢзҡ„triggerзҡ„з¬¬дәҢдёӘеҸӮж•°',
  `dec_prop_1` decimal(13, 4) DEFAULT NULL COMMENT 'decimalзұ»еһӢзҡ„triggerзҡ„з¬¬дёҖдёӘеҸӮж•°',
  `dec_prop_2` decimal(13, 4) DEFAULT NULL COMMENT 'decimalзұ»еһӢзҡ„triggerзҡ„з¬¬дәҢдёӘеҸӮж•°',
  `bool_prop_1` varchar(1) CHARACTER SET utf8mb4 COLLATE utf8mb4_0900_ai_ci DEFAULT NULL COMMENT 'Booleanзұ»еһӢзҡ„triggerзҡ„з¬¬дёҖдёӘеҸӮж•°',
  `bool_prop_2` varchar(1) CHARACTER SET utf8mb4 COLLATE utf8mb4_0900_ai_ci DEFAULT NULL COMMENT 'Booleanзұ»еһӢзҡ„triggerзҡ„з¬¬дәҢдёӘеҸӮж•°',
  PRIMARY KEY (`sched_name`, `trigger_name`, `trigger_group`) USING BTREE,
  CONSTRAINT `qrtz_simprop_triggers_ibfk_1` FOREIGN KEY (`sched_name`, `trigger_name`, `trigger_group`) REFERENCES `qrtz_triggers` (`sched_name`, `trigger_name`, `trigger_group`) ON DELETE RESTRICT ON UPDATE RESTRICT
) ENGINE = InnoDB CHARACTER SET = utf8mb4 COLLATE = utf8mb4_0900_ai_ci COMMENT = 'еҗҢжӯҘжңәеҲ¶зҡ„иЎҢй”ҒиЎЁ' ROW_FORMAT = Dynamic;

-- ----------------------------
-- Table structure for qrtz_triggers
-- ----------------------------
DROP TABLE IF EXISTS `qrtz_triggers`;
CREATE TABLE `qrtz_triggers`  (
  `sched_name` varchar(120) CHARACTER SET utf8mb4 COLLATE utf8mb4_0900_ai_ci NOT NULL COMMENT 'и°ғеәҰеҗҚз§°',
  `trigger_name` varchar(200) CHARACTER SET utf8mb4 COLLATE utf8mb4_0900_ai_ci NOT NULL COMMENT 'и§ҰеҸ‘еҷЁзҡ„еҗҚеӯ—',
  `trigger_group` varchar(200) CHARACTER SET utf8mb4 COLLATE utf8mb4_0900_ai_ci NOT NULL COMMENT 'и§ҰеҸ‘еҷЁжүҖеұһз»„зҡ„еҗҚеӯ—',
  `job_name` varchar(200) CHARACTER SET utf8mb4 COLLATE utf8mb4_0900_ai_ci NOT NULL COMMENT 'qrtz_job_detailsиЎЁjob_nameзҡ„еӨ–й”®',
  `job_group` varchar(200) CHARACTER SET utf8mb4 COLLATE utf8mb4_0900_ai_ci NOT NULL COMMENT 'qrtz_job_detailsиЎЁjob_groupзҡ„еӨ–й”®',
  `description` varchar(250) CHARACTER SET utf8mb4 COLLATE utf8mb4_0900_ai_ci DEFAULT NULL COMMENT 'зӣёе…ід»Ӣз»Қ',
  `next_fire_time` bigint(0) DEFAULT NULL COMMENT 'дёҠдёҖж¬Ўи§ҰеҸ‘ж—¶й—ҙпјҲжҜ«з§’пјү',
  `prev_fire_time` bigint(0) DEFAULT NULL COMMENT 'дёӢдёҖж¬Ўи§ҰеҸ‘ж—¶й—ҙпјҲй»ҳи®Өдёә-1иЎЁзӨәдёҚи§ҰеҸ‘пјү',
  `priority` int(0) DEFAULT NULL COMMENT 'дјҳе…Ҳзә§',
  `trigger_state` varchar(16) CHARACTER SET utf8mb4 COLLATE utf8mb4_0900_ai_ci NOT NULL COMMENT 'и§ҰеҸ‘еҷЁзҠ¶жҖҒ',
  `trigger_type` varchar(8) CHARACTER SET utf8mb4 COLLATE utf8mb4_0900_ai_ci NOT NULL COMMENT 'и§ҰеҸ‘еҷЁзҡ„зұ»еһӢ',
  `start_time` bigint(0) NOT NULL COMMENT 'ејҖе§Ӣж—¶й—ҙ',
  `end_time` bigint(0) DEFAULT NULL COMMENT 'з»“жқҹж—¶й—ҙ',
  `calendar_name` varchar(200) CHARACTER SET utf8mb4 COLLATE utf8mb4_0900_ai_ci DEFAULT NULL COMMENT 'ж—ҘзЁӢиЎЁеҗҚз§°',
  `misfire_instr` smallint(0) DEFAULT NULL COMMENT 'иЎҘеҒҝжү§иЎҢзҡ„зӯ–з•Ҙ',
  `job_data` blob COMMENT 'еӯҳж”ҫжҢҒд№…еҢ–jobеҜ№иұЎ',
  PRIMARY KEY (`sched_name`, `trigger_name`, `trigger_group`) USING BTREE,
  INDEX `sched_name`(`sched_name`, `job_name`, `job_group`) USING BTREE,
  CONSTRAINT `qrtz_triggers_ibfk_1` FOREIGN KEY (`sched_name`, `job_name`, `job_group`) REFERENCES `qrtz_job_details` (`sched_name`, `job_name`, `job_group`) ON DELETE RESTRICT ON UPDATE RESTRICT
) ENGINE = InnoDB CHARACTER SET = utf8mb4 COLLATE = utf8mb4_0900_ai_ci COMMENT = 'и§ҰеҸ‘еҷЁиҜҰз»ҶдҝЎжҒҜиЎЁ' ROW_FORMAT = Dynamic;

-- ----------------------------
-- Table structure for shelf
-- ----------------------------
DROP TABLE IF EXISTS `shelf`;
CREATE TABLE `shelf`  (
  `id` int(0) NOT NULL AUTO_INCREMENT COMMENT 'иҙ§жһ¶ID',
  `location_code` varchar(10) CHARACTER SET utf8mb4 COLLATE utf8mb4_0900_ai_ci NOT NULL COMMENT 'еә“дҪҚзј–з ҒпјҢеҰӮпјҡA01гҖҒB02',
  `location_name` varchar(50) CHARACTER SET utf8mb4 COLLATE utf8mb4_0900_ai_ci DEFAULT NULL COMMENT 'еә“дҪҚеҗҚз§°пјҲеҸҜйҖүпјү',
  `pos_x` decimal(10, 2) NOT NULL DEFAULT 0.00 COMMENT '3DеңәжҷҜ X еқҗж Ү',
  `pos_z` decimal(10, 2) NOT NULL DEFAULT 0.00 COMMENT '3DеңәжҷҜ Z еқҗж Ү',
  `capacity` int(0) DEFAULT 1000 COMMENT 'жңҖеӨ§е®№йҮҸпјҲд»¶ж•°пјү',
  `status` tinyint(0) DEFAULT 1 COMMENT 'зҠ¶жҖҒпјҡ0-зҰҒз”Ё 1-жӯЈеёё 2-з»ҙдҝ®дёӯ',
  `create_time` datetime(0) DEFAULT CURRENT_TIMESTAMP,
  `update_time` datetime(0) DEFAULT CURRENT_TIMESTAMP ON UPDATE CURRENT_TIMESTAMP(0),
  PRIMARY KEY (`id`) USING BTREE,
  UNIQUE INDEX `uk_location_code`(`location_code`) USING BTREE
) ENGINE = InnoDB AUTO_INCREMENT = 1 CHARACTER SET = utf8mb4 COLLATE = utf8mb4_0900_ai_ci COMMENT = 'иҙ§жһ¶дҝЎжҒҜиЎЁ' ROW_FORMAT = Dynamic;

-- ----------------------------
-- Table structure for stock
-- ----------------------------
DROP TABLE IF EXISTS `stock`;
CREATE TABLE `stock`  (
  `id` bigint(0) NOT NULL AUTO_INCREMENT,
  `product_name` varchar(100) CHARACTER SET utf8mb4 COLLATE utf8mb4_0900_ai_ci DEFAULT NULL,
  `specification` varchar(100) CHARACTER SET utf8mb4 COLLATE utf8mb4_0900_ai_ci DEFAULT NULL,
  `production_date` date DEFAULT NULL,
  `shelf_life` int(0) DEFAULT NULL,
  `unit` varchar(20) CHARACTER SET utf8mb4 COLLATE utf8mb4_0900_ai_ci DEFAULT NULL,
  `quantity` int(0) DEFAULT 0,
  `last_in_time` datetime(0) DEFAULT NULL,
  `last_out_time` datetime(0) DEFAULT NULL,
  `create_time` datetime(0) DEFAULT NULL COMMENT 'еҲӣе»әж—¶й—ҙ',
  `update_time` datetime(0) DEFAULT NULL COMMENT 'жӣҙж–°ж—¶й—ҙ',
  `location` varchar(20) CHARACTER SET utf8mb4 COLLATE utf8mb4_0900_ai_ci DEFAULT NULL COMMENT 'еә“дҪҚ',
  PRIMARY KEY (`id`) USING BTREE,
  UNIQUE INDEX `uk_product_batch`(`location`, `product_name`, `production_date`, `shelf_life`, `unit`) USING BTREE
) ENGINE = InnoDB AUTO_INCREMENT = 7 CHARACTER SET = utf8mb4 COLLATE = utf8mb4_0900_ai_ci ROW_FORMAT = Dynamic;

-- ----------------------------
-- Records of stock
-- ----------------------------
INSERT INTO `stock` VALUES (2, 'и“қиҺ“', NULL, '2026-05-06', 30, 'зӣ’', 0, '2026-05-07 15:12:02', '2026-05-09 11:16:47', NULL, '2026-05-09 11:16:47', 'A1');
INSERT INTO `stock` VALUES (4, 'е’–е•Ў', NULL, '2026-05-01', 180, 'зӣ’', 5, '2026-05-07 15:15:33', NULL, NULL, NULL, 'A1');
INSERT INTO `stock` VALUES (5, 'зҹҝжіүж°ҙ', NULL, '2026-04-01', 360, 'з®ұ', 10, '2026-05-07 15:19:28', '2026-05-07 15:20:08', NULL, '2026-05-07 15:20:08', 'A1');
INSERT INTO `stock` VALUES (6, 'иҘҝз“ң', NULL, '2026-05-08', 15, 'дёӘ', 10, '2026-05-09 11:17:44', '2026-05-09 13:48:34', NULL, '2026-05-09 13:48:34', 'A3');

-- ----------------------------
-- Table structure for sys_config
-- ----------------------------
DROP TABLE IF EXISTS `sys_config`;
CREATE TABLE `sys_config`  (
  `config_id` int(0) NOT NULL AUTO_INCREMENT COMMENT 'еҸӮж•°дё»й”®',
  `config_name` varchar(100) CHARACTER SET utf8mb4 COLLATE utf8mb4_0900_ai_ci DEFAULT '' COMMENT 'еҸӮж•°еҗҚз§°',
  `config_key` varchar(100) CHARACTER SET utf8mb4 COLLATE utf8mb4_0900_ai_ci DEFAULT '' COMMENT 'еҸӮж•°й”®еҗҚ',
  `config_value` varchar(500) CHARACTER SET utf8mb4 COLLATE utf8mb4_0900_ai_ci DEFAULT '' COMMENT 'еҸӮж•°й”®еҖј',
  `config_type` char(1) CHARACTER SET utf8mb4 COLLATE utf8mb4_0900_ai_ci DEFAULT 'N' COMMENT 'зі»з»ҹеҶ…зҪ®пјҲYжҳҜ NеҗҰпјү',
  `create_by` varchar(64) CHARACTER SET utf8mb4 COLLATE utf8mb4_0900_ai_ci DEFAULT '' COMMENT 'еҲӣе»әиҖ…',
  `create_time` datetime(0) DEFAULT NULL COMMENT 'еҲӣе»әж—¶й—ҙ',
  `update_by` varchar(64) CHARACTER SET utf8mb4 COLLATE utf8mb4_0900_ai_ci DEFAULT '' COMMENT 'жӣҙж–°иҖ…',
  `update_time` datetime(0) DEFAULT NULL COMMENT 'жӣҙж–°ж—¶й—ҙ',
  `remark` varchar(500) CHARACTER SET utf8mb4 COLLATE utf8mb4_0900_ai_ci DEFAULT NULL COMMENT 'еӨҮжіЁ',
  PRIMARY KEY (`config_id`) USING BTREE
) ENGINE = InnoDB AUTO_INCREMENT = 101 CHARACTER SET = utf8mb4 COLLATE = utf8mb4_0900_ai_ci COMMENT = 'еҸӮж•°й…ҚзҪ®иЎЁ' ROW_FORMAT = Dynamic;

-- ----------------------------
-- Records of sys_config
-- ----------------------------
INSERT INTO `sys_config` VALUES (1, 'дё»жЎҶжһ¶йЎө-й»ҳи®Өзҡ®иӮӨж ·ејҸеҗҚз§°', 'sys.index.skinName', 'skin-blue', 'Y', 'admin', '2026-04-12 19:44:49', '', NULL, 'и“қиүІ skin-blueгҖҒз»ҝиүІ skin-greenгҖҒзҙ«иүІ skin-purpleгҖҒзәўиүІ skin-redгҖҒй»„иүІ skin-yellow');
INSERT INTO `sys_config` VALUES (2, 'з”ЁжҲ·з®ЎзҗҶ-иҙҰеҸ·еҲқе§ӢеҜҶз Ғ', 'sys.user.initPassword', '123456', 'Y', 'admin', '2026-04-12 19:44:49', '', NULL, 'еҲқе§ӢеҢ–еҜҶз Ғ 123456');
INSERT INTO `sys_config` VALUES (3, 'дё»жЎҶжһ¶йЎө-дҫ§иҫ№ж Ҹдё»йўҳ', 'sys.index.sideTheme', 'theme-dark', 'Y', 'admin', '2026-04-12 19:44:49', '', NULL, 'ж·ұиүІдё»йўҳtheme-darkпјҢжө…иүІдё»йўҳtheme-light');
INSERT INTO `sys_config` VALUES (4, 'иҙҰеҸ·иҮӘеҠ©-йӘҢиҜҒз ҒејҖе…і', 'sys.account.captchaEnabled', 'true', 'Y', 'admin', '2026-04-12 19:44:49', '', NULL, 'жҳҜеҗҰејҖеҗҜйӘҢиҜҒз ҒеҠҹиғҪпјҲtrueејҖеҗҜпјҢfalseе…ій—ӯпјү');
INSERT INTO `sys_config` VALUES (5, 'иҙҰеҸ·иҮӘеҠ©-жҳҜеҗҰејҖеҗҜз”ЁжҲ·жіЁеҶҢеҠҹиғҪ', 'sys.account.registerUser', 'false', 'Y', 'admin', '2026-04-12 19:44:49', '', NULL, 'жҳҜеҗҰејҖеҗҜжіЁеҶҢз”ЁжҲ·еҠҹиғҪпјҲtrueејҖеҗҜпјҢfalseе…ій—ӯпјү');
INSERT INTO `sys_config` VALUES (6, 'з”ЁжҲ·зҷ»еҪ•-й»‘еҗҚеҚ•еҲ—иЎЁ', 'sys.login.blackIPList', '', 'Y', 'admin', '2026-04-12 19:44:49', '', NULL, 'и®ҫзҪ®зҷ»еҪ•IPй»‘еҗҚеҚ•йҷҗеҲ¶пјҢеӨҡдёӘеҢ№й…ҚйЎ№д»Ҙ;еҲҶйҡ”пјҢж”ҜжҢҒеҢ№й…ҚпјҲ*йҖҡй…ҚгҖҒзҪ‘ж®өпјү');
INSERT INTO `sys_config` VALUES (7, 'з”ЁжҲ·з®ЎзҗҶ-еҲқе§ӢеҜҶз Ғдҝ®ж”№зӯ–з•Ҙ', 'sys.account.initPasswordModify', '1', 'Y', 'admin', '2026-04-12 19:44:49', '', NULL, '0пјҡеҲқе§ӢеҜҶз Ғдҝ®ж”№зӯ–з•Ҙе…ій—ӯпјҢжІЎжңүд»»дҪ•жҸҗзӨәпјҢ1пјҡжҸҗйҶ’з”ЁжҲ·пјҢеҰӮжһңжңӘдҝ®ж”№еҲқе§ӢеҜҶз ҒпјҢеҲҷеңЁзҷ»еҪ•ж—¶е°ұдјҡжҸҗйҶ’дҝ®ж”№еҜҶз ҒеҜ№иҜқжЎҶ');
INSERT INTO `sys_config` VALUES (8, 'з”ЁжҲ·з®ЎзҗҶ-иҙҰеҸ·еҜҶз Ғжӣҙж–°е‘Ёжңҹ', 'sys.account.passwordValidateDays', '0', 'Y', 'admin', '2026-04-12 19:44:49', '', NULL, 'еҜҶз Ғжӣҙж–°е‘ЁжңҹпјҲеЎ«еҶҷж•°еӯ—пјҢж•°жҚ®еҲқе§ӢеҢ–еҖјдёә0дёҚйҷҗеҲ¶пјҢиӢҘдҝ®ж”№еҝ…йЎ»дёәеӨ§дәҺ0е°ҸдәҺ365зҡ„жӯЈж•ҙж•°пјүпјҢеҰӮжһңи¶…иҝҮиҝҷдёӘе‘Ёжңҹзҷ»еҪ•зі»з»ҹж—¶пјҢеҲҷеңЁзҷ»еҪ•ж—¶е°ұдјҡжҸҗйҶ’дҝ®ж”№еҜҶз ҒеҜ№иҜқжЎҶ');
INSERT INTO `sys_config` VALUES (100, '', 'sys.account.captchaOnOff', 'true', 'Y', 'admin', '2026-04-13 20:32:58', '', NULL, NULL);

-- ----------------------------
-- Table structure for sys_dept
-- ----------------------------
DROP TABLE IF EXISTS `sys_dept`;
CREATE TABLE `sys_dept`  (
  `dept_id` bigint(0) NOT NULL AUTO_INCREMENT COMMENT 'йғЁй—Ёid',
  `parent_id` bigint(0) DEFAULT 0 COMMENT 'зҲ¶йғЁй—Ёid',
  `ancestors` varchar(50) CHARACTER SET utf8mb4 COLLATE utf8mb4_0900_ai_ci DEFAULT '' COMMENT 'зҘ–зә§еҲ—иЎЁ',
  `dept_name` varchar(30) CHARACTER SET utf8mb4 COLLATE utf8mb4_0900_ai_ci DEFAULT '' COMMENT 'йғЁй—ЁеҗҚз§°',
  `order_num` int(0) DEFAULT 0 COMMENT 'жҳҫзӨәйЎәеәҸ',
  `leader` varchar(20) CHARACTER SET utf8mb4 COLLATE utf8mb4_0900_ai_ci DEFAULT NULL COMMENT 'иҙҹиҙЈдәә',
  `phone` varchar(11) CHARACTER SET utf8mb4 COLLATE utf8mb4_0900_ai_ci DEFAULT NULL COMMENT 'иҒ”зі»з”өиҜқ',
  `email` varchar(50) CHARACTER SET utf8mb4 COLLATE utf8mb4_0900_ai_ci DEFAULT NULL COMMENT 'йӮ®з®ұ',
  `status` char(1) CHARACTER SET utf8mb4 COLLATE utf8mb4_0900_ai_ci DEFAULT '0' COMMENT 'йғЁй—ЁзҠ¶жҖҒпјҲ0жӯЈеёё 1еҒңз”Ёпјү',
  `del_flag` char(1) CHARACTER SET utf8mb4 COLLATE utf8mb4_0900_ai_ci DEFAULT '0' COMMENT 'еҲ йҷӨж Үеҝ—пјҲ0д»ЈиЎЁеӯҳеңЁ 2д»ЈиЎЁеҲ йҷӨпјү',
  `create_by` varchar(64) CHARACTER SET utf8mb4 COLLATE utf8mb4_0900_ai_ci DEFAULT '' COMMENT 'еҲӣе»әиҖ…',
  `create_time` datetime(0) DEFAULT NULL COMMENT 'еҲӣе»әж—¶й—ҙ',
  `update_by` varchar(64) CHARACTER SET utf8mb4 COLLATE utf8mb4_0900_ai_ci DEFAULT '' COMMENT 'жӣҙж–°иҖ…',
  `update_time` datetime(0) DEFAULT NULL COMMENT 'жӣҙж–°ж—¶й—ҙ',
  PRIMARY KEY (`dept_id`) USING BTREE
) ENGINE = InnoDB AUTO_INCREMENT = 200 CHARACTER SET = utf8mb4 COLLATE = utf8mb4_0900_ai_ci COMMENT = 'йғЁй—ЁиЎЁ' ROW_FORMAT = Dynamic;

-- ----------------------------
-- Records of sys_dept
-- ----------------------------
INSERT INTO `sys_dept` VALUES (100, 0, '0', 'иӢҘдҫқз§‘жҠҖ', 0, 'иӢҘдҫқ', '15888888888', 'ry@qq.com', '0', '0', 'admin', '2026-04-12 19:44:47', '', NULL);
INSERT INTO `sys_dept` VALUES (101, 100, '0,100', 'ж·ұеңіжҖ»е…¬еҸё', 1, 'иӢҘдҫқ', '15888888888', 'ry@qq.com', '0', '0', 'admin', '2026-04-12 19:44:47', '', NULL);
INSERT INTO `sys_dept` VALUES (102, 100, '0,100', 'й•ҝжІҷеҲҶе…¬еҸё', 2, 'иӢҘдҫқ', '15888888888', 'ry@qq.com', '0', '0', 'admin', '2026-04-12 19:44:47', '', NULL);
INSERT INTO `sys_dept` VALUES (103, 101, '0,100,101', 'з ”еҸ‘йғЁй—Ё', 1, 'иӢҘдҫқ', '15888888888', 'ry@qq.com', '0', '0', 'admin', '2026-04-12 19:44:47', '', NULL);
INSERT INTO `sys_dept` VALUES (104, 101, '0,100,101', 'еёӮеңәйғЁй—Ё', 2, 'иӢҘдҫқ', '15888888888', 'ry@qq.com', '0', '0', 'admin', '2026-04-12 19:44:47', '', NULL);
INSERT INTO `sys_dept` VALUES (105, 101, '0,100,101', 'жөӢиҜ•йғЁй—Ё', 3, 'иӢҘдҫқ', '15888888888', 'ry@qq.com', '0', '0', 'admin', '2026-04-12 19:44:47', '', NULL);
INSERT INTO `sys_dept` VALUES (106, 101, '0,100,101', 'иҙўеҠЎйғЁй—Ё', 4, 'иӢҘдҫқ', '15888888888', 'ry@qq.com', '0', '0', 'admin', '2026-04-12 19:44:47', '', NULL);
INSERT INTO `sys_dept` VALUES (107, 101, '0,100,101', 'иҝҗз»ҙйғЁй—Ё', 5, 'иӢҘдҫқ', '15888888888', 'ry@qq.com', '0', '0', 'admin', '2026-04-12 19:44:47', '', NULL);
INSERT INTO `sys_dept` VALUES (108, 102, '0,100,102', 'еёӮеңәйғЁй—Ё', 1, 'иӢҘдҫқ', '15888888888', 'ry@qq.com', '0', '0', 'admin', '2026-04-12 19:44:47', '', NULL);
INSERT INTO `sys_dept` VALUES (109, 102, '0,100,102', 'иҙўеҠЎйғЁй—Ё', 2, 'иӢҘдҫқ', '15888888888', 'ry@qq.com', '0', '0', 'admin', '2026-04-12 19:44:47', '', NULL);

-- ----------------------------
-- Table structure for sys_dict_data
-- ----------------------------
DROP TABLE IF EXISTS `sys_dict_data`;
CREATE TABLE `sys_dict_data`  (
  `dict_code` bigint(0) NOT NULL AUTO_INCREMENT COMMENT 'еӯ—е…ёзј–з Ғ',
  `dict_sort` int(0) DEFAULT 0 COMMENT 'еӯ—е…ёжҺ’еәҸ',
  `dict_label` varchar(100) CHARACTER SET utf8mb4 COLLATE utf8mb4_0900_ai_ci DEFAULT '' COMMENT 'еӯ—е…ёж Үзӯҫ',
  `dict_value` varchar(100) CHARACTER SET utf8mb4 COLLATE utf8mb4_0900_ai_ci DEFAULT '' COMMENT 'еӯ—е…ёй”®еҖј',
  `dict_type` varchar(100) CHARACTER SET utf8mb4 COLLATE utf8mb4_0900_ai_ci DEFAULT '' COMMENT 'еӯ—е…ёзұ»еһӢ',
  `css_class` varchar(100) CHARACTER SET utf8mb4 COLLATE utf8mb4_0900_ai_ci DEFAULT NULL COMMENT 'ж ·ејҸеұһжҖ§пјҲе…¶д»–ж ·ејҸжү©еұ•пјү',
  `list_class` varchar(100) CHARACTER SET utf8mb4 COLLATE utf8mb4_0900_ai_ci DEFAULT NULL COMMENT 'иЎЁж јеӣһжҳҫж ·ејҸ',
  `is_default` char(1) CHARACTER SET utf8mb4 COLLATE utf8mb4_0900_ai_ci DEFAULT 'N' COMMENT 'жҳҜеҗҰй»ҳи®ӨпјҲYжҳҜ NеҗҰпјү',
  `status` char(1) CHARACTER SET utf8mb4 COLLATE utf8mb4_0900_ai_ci DEFAULT '0' COMMENT 'зҠ¶жҖҒпјҲ0жӯЈеёё 1еҒңз”Ёпјү',
  `create_by` varchar(64) CHARACTER SET utf8mb4 COLLATE utf8mb4_0900_ai_ci DEFAULT '' COMMENT 'еҲӣе»әиҖ…',
  `create_time` datetime(0) DEFAULT NULL COMMENT 'еҲӣе»әж—¶й—ҙ',
  `update_by` varchar(64) CHARACTER SET utf8mb4 COLLATE utf8mb4_0900_ai_ci DEFAULT '' COMMENT 'жӣҙж–°иҖ…',
  `update_time` datetime(0) DEFAULT NULL COMMENT 'жӣҙж–°ж—¶й—ҙ',
  `remark` varchar(500) CHARACTER SET utf8mb4 COLLATE utf8mb4_0900_ai_ci DEFAULT NULL COMMENT 'еӨҮжіЁ',
  PRIMARY KEY (`dict_code`) USING BTREE
) ENGINE = InnoDB AUTO_INCREMENT = 100 CHARACTER SET = utf8mb4 COLLATE = utf8mb4_0900_ai_ci COMMENT = 'еӯ—е…ёж•°жҚ®иЎЁ' ROW_FORMAT = Dynamic;

-- ----------------------------
-- Records of sys_dict_data
-- ----------------------------
INSERT INTO `sys_dict_data` VALUES (1, 1, 'з”·', '0', 'sys_user_sex', '', '', 'Y', '0', 'admin', '2026-04-12 19:44:48', '', NULL, 'жҖ§еҲ«з”·');
INSERT INTO `sys_dict_data` VALUES (2, 2, 'еҘі', '1', 'sys_user_sex', '', '', 'N', '0', 'admin', '2026-04-12 19:44:48', '', NULL, 'жҖ§еҲ«еҘі');
INSERT INTO `sys_dict_data` VALUES (3, 3, 'жңӘзҹҘ', '2', 'sys_user_sex', '', '', 'N', '0', 'admin', '2026-04-12 19:44:48', '', NULL, 'жҖ§еҲ«жңӘзҹҘ');
INSERT INTO `sys_dict_data` VALUES (4, 1, 'жҳҫзӨә', '0', 'sys_show_hide', '', 'primary', 'Y', '0', 'admin', '2026-04-12 19:44:48', '', NULL, 'жҳҫзӨәиҸңеҚ•');
INSERT INTO `sys_dict_data` VALUES (5, 2, 'йҡҗи—Ҹ', '1', 'sys_show_hide', '', 'danger', 'N', '0', 'admin', '2026-04-12 19:44:48', '', NULL, 'йҡҗи—ҸиҸңеҚ•');
INSERT INTO `sys_dict_data` VALUES (6, 1, 'жӯЈеёё', '0', 'sys_normal_disable', '', 'primary', 'Y', '0', 'admin', '2026-04-12 19:44:48', '', NULL, 'жӯЈеёёзҠ¶жҖҒ');
INSERT INTO `sys_dict_data` VALUES (7, 2, 'еҒңз”Ё', '1', 'sys_normal_disable', '', 'danger', 'N', '0', 'admin', '2026-04-12 19:44:48', '', NULL, 'еҒңз”ЁзҠ¶жҖҒ');
INSERT INTO `sys_dict_data` VALUES (8, 1, 'жӯЈеёё', '0', 'sys_job_status', '', 'primary', 'Y', '0', 'admin', '2026-04-12 19:44:48', '', NULL, 'жӯЈеёёзҠ¶жҖҒ');
INSERT INTO `sys_dict_data` VALUES (9, 2, 'жҡӮеҒң', '1', 'sys_job_status', '', 'danger', 'N', '0', 'admin', '2026-04-12 19:44:48', '', NULL, 'еҒңз”ЁзҠ¶жҖҒ');
INSERT INTO `sys_dict_data` VALUES (10, 1, 'й»ҳи®Ө', 'DEFAULT', 'sys_job_group', '', '', 'Y', '0', 'admin', '2026-04-12 19:44:48', '', NULL, 'й»ҳи®ӨеҲҶз»„');
INSERT INTO `sys_dict_data` VALUES (11, 2, 'зі»з»ҹ', 'SYSTEM', 'sys_job_group', '', '', 'N', '0', 'admin', '2026-04-12 19:44:48', '', NULL, 'зі»з»ҹеҲҶз»„');
INSERT INTO `sys_dict_data` VALUES (12, 1, 'жҳҜ', 'Y', 'sys_yes_no', '', 'primary', 'Y', '0', 'admin', '2026-04-12 19:44:48', '', NULL, 'зі»з»ҹй»ҳи®ӨжҳҜ');
INSERT INTO `sys_dict_data` VALUES (13, 2, 'еҗҰ', 'N', 'sys_yes_no', '', 'danger', 'N', '0', 'admin', '2026-04-12 19:44:48', '', NULL, 'зі»з»ҹй»ҳи®ӨеҗҰ');
INSERT INTO `sys_dict_data` VALUES (14, 1, 'йҖҡзҹҘ', '1', 'sys_notice_type', '', 'warning', 'Y', '0', 'admin', '2026-04-12 19:44:48', '', NULL, 'йҖҡзҹҘ');
INSERT INTO `sys_dict_data` VALUES (15, 2, 'е…¬е‘Ҡ', '2', 'sys_notice_type', '', 'success', 'N', '0', 'admin', '2026-04-12 19:44:48', '', NULL, 'е…¬е‘Ҡ');
INSERT INTO `sys_dict_data` VALUES (16, 1, 'жӯЈеёё', '0', 'sys_notice_status', '', 'primary', 'Y', '0', 'admin', '2026-04-12 19:44:48', '', NULL, 'жӯЈеёёзҠ¶жҖҒ');
INSERT INTO `sys_dict_data` VALUES (17, 2, 'е…ій—ӯ', '1', 'sys_notice_status', '', 'danger', 'N', '0', 'admin', '2026-04-12 19:44:48', '', NULL, 'е…ій—ӯзҠ¶жҖҒ');
INSERT INTO `sys_dict_data` VALUES (18, 99, 'е…¶д»–', '0', 'sys_oper_type', '', 'info', 'N', '0', 'admin', '2026-04-12 19:44:48', '', NULL, 'е…¶д»–ж“ҚдҪң');
INSERT INTO `sys_dict_data` VALUES (19, 1, 'ж–°еўһ', '1', 'sys_oper_type', '', 'info', 'N', '0', 'admin', '2026-04-12 19:44:48', '', NULL, 'ж–°еўһж“ҚдҪң');
INSERT INTO `sys_dict_data` VALUES (20, 2, 'дҝ®ж”№', '2', 'sys_oper_type', '', 'info', 'N', '0', 'admin', '2026-04-12 19:44:48', '', NULL, 'дҝ®ж”№ж“ҚдҪң');
INSERT INTO `sys_dict_data` VALUES (21, 3, 'еҲ йҷӨ', '3', 'sys_oper_type', '', 'danger', 'N', '0', 'admin', '2026-04-12 19:44:48', '', NULL, 'еҲ йҷӨж“ҚдҪң');
INSERT INTO `sys_dict_data` VALUES (22, 4, 'жҺҲжқғ', '4', 'sys_oper_type', '', 'primary', 'N', '0', 'admin', '2026-04-12 19:44:48', '', NULL, 'жҺҲжқғж“ҚдҪң');
INSERT INTO `sys_dict_data` VALUES (23, 5, 'еҜјеҮә', '5', 'sys_oper_type', '', 'warning', 'N', '0', 'admin', '2026-04-12 19:44:48', '', NULL, 'еҜјеҮәж“ҚдҪң');
INSERT INTO `sys_dict_data` VALUES (24, 6, 'еҜје…Ҙ', '6', 'sys_oper_type', '', 'warning', 'N', '0', 'admin', '2026-04-12 19:44:48', '', NULL, 'еҜје…Ҙж“ҚдҪң');
INSERT INTO `sys_dict_data` VALUES (25, 7, 'ејәйҖҖ', '7', 'sys_oper_type', '', 'danger', 'N', '0', 'admin', '2026-04-12 19:44:48', '', NULL, 'ејәйҖҖж“ҚдҪң');
INSERT INTO `sys_dict_data` VALUES (26, 8, 'з”ҹжҲҗд»Јз Ғ', '8', 'sys_oper_type', '', 'warning', 'N', '0', 'admin', '2026-04-12 19:44:49', '', NULL, 'з”ҹжҲҗж“ҚдҪң');
INSERT INTO `sys_dict_data` VALUES (27, 9, 'жё…з©әж•°жҚ®', '9', 'sys_oper_type', '', 'danger', 'N', '0', 'admin', '2026-04-12 19:44:49', '', NULL, 'жё…з©әж“ҚдҪң');
INSERT INTO `sys_dict_data` VALUES (28, 1, 'жҲҗеҠҹ', '0', 'sys_common_status', '', 'primary', 'N', '0', 'admin', '2026-04-12 19:44:49', '', NULL, 'жӯЈеёёзҠ¶жҖҒ');
INSERT INTO `sys_dict_data` VALUES (29, 2, 'еӨұиҙҘ', '1', 'sys_common_status', '', 'danger', 'N', '0', 'admin', '2026-04-12 19:44:49', '', NULL, 'еҒңз”ЁзҠ¶жҖҒ');

-- ----------------------------
-- Table structure for sys_dict_type
-- ----------------------------
DROP TABLE IF EXISTS `sys_dict_type`;
CREATE TABLE `sys_dict_type`  (
  `dict_id` bigint(0) NOT NULL AUTO_INCREMENT COMMENT 'еӯ—е…ёдё»й”®',
  `dict_name` varchar(100) CHARACTER SET utf8mb4 COLLATE utf8mb4_0900_ai_ci DEFAULT '' COMMENT 'еӯ—е…ёеҗҚз§°',
  `dict_type` varchar(100) CHARACTER SET utf8mb4 COLLATE utf8mb4_0900_ai_ci DEFAULT '' COMMENT 'еӯ—е…ёзұ»еһӢ',
  `status` char(1) CHARACTER SET utf8mb4 COLLATE utf8mb4_0900_ai_ci DEFAULT '0' COMMENT 'зҠ¶жҖҒпјҲ0жӯЈеёё 1еҒңз”Ёпјү',
  `create_by` varchar(64) CHARACTER SET utf8mb4 COLLATE utf8mb4_0900_ai_ci DEFAULT '' COMMENT 'еҲӣе»әиҖ…',
  `create_time` datetime(0) DEFAULT NULL COMMENT 'еҲӣе»әж—¶й—ҙ',
  `update_by` varchar(64) CHARACTER SET utf8mb4 COLLATE utf8mb4_0900_ai_ci DEFAULT '' COMMENT 'жӣҙж–°иҖ…',
  `update_time` datetime(0) DEFAULT NULL COMMENT 'жӣҙж–°ж—¶й—ҙ',
  `remark` varchar(500) CHARACTER SET utf8mb4 COLLATE utf8mb4_0900_ai_ci DEFAULT NULL COMMENT 'еӨҮжіЁ',
  PRIMARY KEY (`dict_id`) USING BTREE,
  UNIQUE INDEX `dict_type`(`dict_type`) USING BTREE
) ENGINE = InnoDB AUTO_INCREMENT = 100 CHARACTER SET = utf8mb4 COLLATE = utf8mb4_0900_ai_ci COMMENT = 'еӯ—е…ёзұ»еһӢиЎЁ' ROW_FORMAT = Dynamic;

-- ----------------------------
-- Records of sys_dict_type
-- ----------------------------
INSERT INTO `sys_dict_type` VALUES (1, 'з”ЁжҲ·жҖ§еҲ«', 'sys_user_sex', '0', 'admin', '2026-04-12 19:44:48', '', NULL, 'з”ЁжҲ·жҖ§еҲ«еҲ—иЎЁ');
INSERT INTO `sys_dict_type` VALUES (2, 'иҸңеҚ•зҠ¶жҖҒ', 'sys_show_hide', '0', 'admin', '2026-04-12 19:44:48', '', NULL, 'иҸңеҚ•зҠ¶жҖҒеҲ—иЎЁ');
INSERT INTO `sys_dict_type` VALUES (3, 'зі»з»ҹејҖе…і', 'sys_normal_disable', '0', 'admin', '2026-04-12 19:44:48', '', NULL, 'зі»з»ҹејҖе…іеҲ—иЎЁ');
INSERT INTO `sys_dict_type` VALUES (4, 'д»»еҠЎзҠ¶жҖҒ', 'sys_job_status', '0', 'admin', '2026-04-12 19:44:48', '', NULL, 'д»»еҠЎзҠ¶жҖҒеҲ—иЎЁ');
INSERT INTO `sys_dict_type` VALUES (5, 'д»»еҠЎеҲҶз»„', 'sys_job_group', '0', 'admin', '2026-04-12 19:44:48', '', NULL, 'д»»еҠЎеҲҶз»„еҲ—иЎЁ');
INSERT INTO `sys_dict_type` VALUES (6, 'зі»з»ҹжҳҜеҗҰ', 'sys_yes_no', '0', 'admin', '2026-04-12 19:44:48', '', NULL, 'зі»з»ҹжҳҜеҗҰеҲ—иЎЁ');
INSERT INTO `sys_dict_type` VALUES (7, 'йҖҡзҹҘзұ»еһӢ', 'sys_notice_type', '0', 'admin', '2026-04-12 19:44:48', '', NULL, 'йҖҡзҹҘзұ»еһӢеҲ—иЎЁ');
INSERT INTO `sys_dict_type` VALUES (8, 'йҖҡзҹҘзҠ¶жҖҒ', 'sys_notice_status', '0', 'admin', '2026-04-12 19:44:48', '', NULL, 'йҖҡзҹҘзҠ¶жҖҒеҲ—иЎЁ');
INSERT INTO `sys_dict_type` VALUES (9, 'ж“ҚдҪңзұ»еһӢ', 'sys_oper_type', '0', 'admin', '2026-04-12 19:44:48', '', NULL, 'ж“ҚдҪңзұ»еһӢеҲ—иЎЁ');
INSERT INTO `sys_dict_type` VALUES (10, 'зі»з»ҹзҠ¶жҖҒ', 'sys_common_status', '0', 'admin', '2026-04-12 19:44:48', '', NULL, 'зҷ»еҪ•зҠ¶жҖҒеҲ—иЎЁ');

-- ----------------------------
-- Table structure for sys_job
-- ----------------------------
DROP TABLE IF EXISTS `sys_job`;
CREATE TABLE `sys_job`  (
  `job_id` bigint(0) NOT NULL AUTO_INCREMENT COMMENT 'д»»еҠЎID',
  `job_name` varchar(64) CHARACTER SET utf8mb4 COLLATE utf8mb4_0900_ai_ci NOT NULL DEFAULT '' COMMENT 'д»»еҠЎеҗҚз§°',
  `job_group` varchar(64) CHARACTER SET utf8mb4 COLLATE utf8mb4_0900_ai_ci NOT NULL DEFAULT 'DEFAULT' COMMENT 'д»»еҠЎз»„еҗҚ',
  `invoke_target` varchar(500) CHARACTER SET utf8mb4 COLLATE utf8mb4_0900_ai_ci NOT NULL COMMENT 'и°ғз”Ёзӣ®ж Үеӯ—з¬ҰдёІ',
  `cron_expression` varchar(255) CHARACTER SET utf8mb4 COLLATE utf8mb4_0900_ai_ci DEFAULT '' COMMENT 'cronжү§иЎҢиЎЁиҫҫејҸ',
  `misfire_policy` varchar(20) CHARACTER SET utf8mb4 COLLATE utf8mb4_0900_ai_ci DEFAULT '3' COMMENT 'и®ЎеҲ’жү§иЎҢй”ҷиҜҜзӯ–з•ҘпјҲ1з«ӢеҚіжү§иЎҢ 2жү§иЎҢдёҖж¬Ў 3ж”ҫејғжү§иЎҢпјү',
  `concurrent` char(1) CHARACTER SET utf8mb4 COLLATE utf8mb4_0900_ai_ci DEFAULT '1' COMMENT 'жҳҜеҗҰе№¶еҸ‘жү§иЎҢпјҲ0е…Ғи®ё 1зҰҒжӯўпјү',
  `status` char(1) CHARACTER SET utf8mb4 COLLATE utf8mb4_0900_ai_ci DEFAULT '0' COMMENT 'зҠ¶жҖҒпјҲ0жӯЈеёё 1жҡӮеҒңпјү',
  `create_by` varchar(64) CHARACTER SET utf8mb4 COLLATE utf8mb4_0900_ai_ci DEFAULT '' COMMENT 'еҲӣе»әиҖ…',
  `create_time` datetime(0) DEFAULT NULL COMMENT 'еҲӣе»әж—¶й—ҙ',
  `update_by` varchar(64) CHARACTER SET utf8mb4 COLLATE utf8mb4_0900_ai_ci DEFAULT '' COMMENT 'жӣҙж–°иҖ…',
  `update_time` datetime(0) DEFAULT NULL COMMENT 'жӣҙж–°ж—¶й—ҙ',
  `remark` varchar(500) CHARACTER SET utf8mb4 COLLATE utf8mb4_0900_ai_ci DEFAULT '' COMMENT 'еӨҮжіЁдҝЎжҒҜ',
  PRIMARY KEY (`job_id`, `job_name`, `job_group`) USING BTREE
) ENGINE = InnoDB AUTO_INCREMENT = 100 CHARACTER SET = utf8mb4 COLLATE = utf8mb4_0900_ai_ci COMMENT = 'е®ҡж—¶д»»еҠЎи°ғеәҰиЎЁ' ROW_FORMAT = Dynamic;

-- ----------------------------
-- Records of sys_job
-- ----------------------------
INSERT INTO `sys_job` VALUES (1, 'зі»з»ҹй»ҳи®ӨпјҲж— еҸӮпјү', 'DEFAULT', 'ryTask.ryNoParams', '0/10 * * * * ?', '3', '1', '1', 'admin', '2026-04-12 19:44:49', '', NULL, '');
INSERT INTO `sys_job` VALUES (2, 'зі»з»ҹй»ҳи®ӨпјҲжңүеҸӮпјү', 'DEFAULT', 'ryTask.ryParams(\'ry\')', '0/15 * * * * ?', '3', '1', '1', 'admin', '2026-04-12 19:44:49', '', NULL, '');
INSERT INTO `sys_job` VALUES (3, 'зі»з»ҹй»ҳи®ӨпјҲеӨҡеҸӮпјү', 'DEFAULT', 'ryTask.ryMultipleParams(\'ry\', true, 2000L, 316.50D, 100)', '0/20 * * * * ?', '3', '1', '1', 'admin', '2026-04-12 19:44:49', '', NULL, '');

-- ----------------------------
-- Table structure for sys_job_log
-- ----------------------------
DROP TABLE IF EXISTS `sys_job_log`;
CREATE TABLE `sys_job_log`  (
  `job_log_id` bigint(0) NOT NULL AUTO_INCREMENT COMMENT 'д»»еҠЎж—Ҙеҝ—ID',
  `job_name` varchar(64) CHARACTER SET utf8mb4 COLLATE utf8mb4_0900_ai_ci NOT NULL COMMENT 'д»»еҠЎеҗҚз§°',
  `job_group` varchar(64) CHARACTER SET utf8mb4 COLLATE utf8mb4_0900_ai_ci NOT NULL COMMENT 'д»»еҠЎз»„еҗҚ',
  `invoke_target` varchar(500) CHARACTER SET utf8mb4 COLLATE utf8mb4_0900_ai_ci NOT NULL COMMENT 'и°ғз”Ёзӣ®ж Үеӯ—з¬ҰдёІ',
  `job_message` varchar(500) CHARACTER SET utf8mb4 COLLATE utf8mb4_0900_ai_ci DEFAULT NULL COMMENT 'ж—Ҙеҝ—дҝЎжҒҜ',
  `status` char(1) CHARACTER SET utf8mb4 COLLATE utf8mb4_0900_ai_ci DEFAULT '0' COMMENT 'жү§иЎҢзҠ¶жҖҒпјҲ0жӯЈеёё 1еӨұиҙҘпјү',
  `exception_info` varchar(2000) CHARACTER SET utf8mb4 COLLATE utf8mb4_0900_ai_ci DEFAULT '' COMMENT 'ејӮеёёдҝЎжҒҜ',
  `start_time` datetime(0) DEFAULT NULL COMMENT 'жү§иЎҢејҖе§Ӣж—¶й—ҙ',
  `end_time` datetime(0) DEFAULT NULL COMMENT 'жү§иЎҢз»“жқҹж—¶й—ҙ',
  `create_time` datetime(0) DEFAULT NULL COMMENT 'еҲӣе»әж—¶й—ҙ',
  PRIMARY KEY (`job_log_id`) USING BTREE
) ENGINE = InnoDB AUTO_INCREMENT = 1 CHARACTER SET = utf8mb4 COLLATE = utf8mb4_0900_ai_ci COMMENT = 'е®ҡж—¶д»»еҠЎи°ғеәҰж—Ҙеҝ—иЎЁ' ROW_FORMAT = Dynamic;

-- ----------------------------
-- Table structure for sys_logininfor
-- ----------------------------
DROP TABLE IF EXISTS `sys_logininfor`;
CREATE TABLE `sys_logininfor`  (
  `info_id` bigint(0) NOT NULL AUTO_INCREMENT COMMENT 'и®ҝй—®ID',
  `user_name` varchar(50) CHARACTER SET utf8mb4 COLLATE utf8mb4_0900_ai_ci DEFAULT '' COMMENT 'з”ЁжҲ·иҙҰеҸ·',
  `ipaddr` varchar(128) CHARACTER SET utf8mb4 COLLATE utf8mb4_0900_ai_ci DEFAULT '' COMMENT 'зҷ»еҪ•IPең°еқҖ',
  `login_location` varchar(255) CHARACTER SET utf8mb4 COLLATE utf8mb4_0900_ai_ci DEFAULT '' COMMENT 'зҷ»еҪ•ең°зӮ№',
  `browser` varchar(50) CHARACTER SET utf8mb4 COLLATE utf8mb4_0900_ai_ci DEFAULT '' COMMENT 'жөҸи§ҲеҷЁзұ»еһӢ',
  `os` varchar(50) CHARACTER SET utf8mb4 COLLATE utf8mb4_0900_ai_ci DEFAULT '' COMMENT 'ж“ҚдҪңзі»з»ҹ',
  `status` char(1) CHARACTER SET utf8mb4 COLLATE utf8mb4_0900_ai_ci DEFAULT '0' COMMENT 'зҷ»еҪ•зҠ¶жҖҒпјҲ0жҲҗеҠҹ 1еӨұиҙҘпјү',
  `msg` varchar(255) CHARACTER SET utf8mb4 COLLATE utf8mb4_0900_ai_ci DEFAULT '' COMMENT 'жҸҗзӨәж¶ҲжҒҜ',
  `login_time` datetime(0) DEFAULT NULL COMMENT 'и®ҝй—®ж—¶й—ҙ',
  PRIMARY KEY (`info_id`) USING BTREE,
  INDEX `idx_sys_logininfor_s`(`status`) USING BTREE,
  INDEX `idx_sys_logininfor_lt`(`login_time`) USING BTREE
) ENGINE = InnoDB AUTO_INCREMENT = 231 CHARACTER SET = utf8mb4 COLLATE = utf8mb4_0900_ai_ci COMMENT = 'зі»з»ҹи®ҝй—®и®°еҪ•' ROW_FORMAT = Dynamic;

-- ----------------------------
-- Records of sys_logininfor
-- ----------------------------
INSERT INTO `sys_logininfor` VALUES (100, 'admin', '127.0.0.1', 'еҶ…зҪ‘IP', 'Edge 146', 'Windows >=10', '1', 'йӘҢиҜҒз Ғе·ІеӨұж•Ҳ', '2026-04-12 20:28:49');
INSERT INTO `sys_logininfor` VALUES (101, 'admin', '127.0.0.1', 'еҶ…зҪ‘IP', 'Edge 146', 'Windows >=10', '1', 'йӘҢиҜҒз Ғе·ІеӨұж•Ҳ', '2026-04-12 20:28:49');
INSERT INTO `sys_logininfor` VALUES (102, 'admin', '127.0.0.1', 'еҶ…зҪ‘IP', 'Edge 146', 'Windows >=10', '1', 'йӘҢиҜҒз Ғе·ІеӨұж•Ҳ', '2026-04-12 20:28:52');
INSERT INTO `sys_logininfor` VALUES (103, 'admin', '127.0.0.1', 'еҶ…зҪ‘IP', 'Edge 146', 'Windows >=10', '1', 'йӘҢиҜҒз Ғе·ІеӨұж•Ҳ', '2026-04-12 20:28:58');
INSERT INTO `sys_logininfor` VALUES (104, 'admin', '127.0.0.1', 'еҶ…зҪ‘IP', 'Edge 146', 'Windows >=10', '1', 'йӘҢиҜҒз Ғе·ІеӨұж•Ҳ', '2026-04-12 20:35:34');
INSERT INTO `sys_logininfor` VALUES (105, 'admin', '127.0.0.1', 'еҶ…зҪ‘IP', 'Edge 146', 'Windows >=10', '1', 'з”ЁжҲ·дёҚеӯҳеңЁ/еҜҶз Ғй”ҷиҜҜ', '2026-04-12 20:37:56');
INSERT INTO `sys_logininfor` VALUES (106, 'admin', '127.0.0.1', 'еҶ…зҪ‘IP', 'Edge 146', 'Windows >=10', '0', 'зҷ»еҪ•жҲҗеҠҹ', '2026-04-12 20:58:47');
INSERT INTO `sys_logininfor` VALUES (107, 'admin', '127.0.0.1', 'еҶ…зҪ‘IP', 'Edge 146', 'Windows >=10', '0', 'зҷ»еҪ•жҲҗеҠҹ', '2026-04-12 20:59:52');
INSERT INTO `sys_logininfor` VALUES (108, 'admin', '127.0.0.1', 'еҶ…зҪ‘IP', 'Edge 146', 'Windows >=10', '0', 'зҷ»еҪ•жҲҗеҠҹ', '2026-04-12 20:59:59');
INSERT INTO `sys_logininfor` VALUES (109, 'admin', '127.0.0.1', 'еҶ…зҪ‘IP', 'Edge 146', 'Windows >=10', '1', 'з”ЁжҲ·дёҚеӯҳеңЁ/еҜҶз Ғй”ҷиҜҜ', '2026-04-12 21:01:43');
INSERT INTO `sys_logininfor` VALUES (110, 'admin', '127.0.0.1', 'еҶ…зҪ‘IP', 'Edge 146', 'Windows >=10', '0', 'зҷ»еҪ•жҲҗеҠҹ', '2026-04-12 21:01:52');
INSERT INTO `sys_logininfor` VALUES (111, 'admin', '127.0.0.1', 'еҶ…зҪ‘IP', 'Edge 146', 'Windows >=10', '0', 'зҷ»еҪ•жҲҗеҠҹ', '2026-04-13 14:51:11');
INSERT INTO `sys_logininfor` VALUES (112, 'admin', '127.0.0.1', 'еҶ…зҪ‘IP', 'Edge 146', 'Windows >=10', '0', 'зҷ»еҪ•жҲҗеҠҹ', '2026-04-13 15:01:44');
INSERT INTO `sys_logininfor` VALUES (113, 'admin', '127.0.0.1', 'еҶ…зҪ‘IP', 'Edge 146', 'Windows >=10', '0', 'зҷ»еҪ•жҲҗеҠҹ', '2026-04-13 15:27:51');
INSERT INTO `sys_logininfor` VALUES (114, 'admin', '127.0.0.1', 'еҶ…зҪ‘IP', 'Edge 146', 'Windows >=10', '0', 'зҷ»еҪ•жҲҗеҠҹ', '2026-04-13 15:30:39');
INSERT INTO `sys_logininfor` VALUES (115, 'admin', '127.0.0.1', 'еҶ…зҪ‘IP', 'Edge 146', 'Windows >=10', '0', 'зҷ»еҪ•жҲҗеҠҹ', '2026-04-13 15:34:32');
INSERT INTO `sys_logininfor` VALUES (116, 'admin', '127.0.0.1', 'еҶ…зҪ‘IP', 'Edge 146', 'Windows >=10', '0', 'зҷ»еҪ•жҲҗеҠҹ', '2026-04-13 15:35:34');
INSERT INTO `sys_logininfor` VALUES (117, 'admin', '127.0.0.1', 'еҶ…зҪ‘IP', 'Edge 146', 'Windows >=10', '0', 'зҷ»еҪ•жҲҗеҠҹ', '2026-04-13 15:37:41');
INSERT INTO `sys_logininfor` VALUES (118, 'admin', '127.0.0.1', 'еҶ…зҪ‘IP', 'Edge 146', 'Windows >=10', '0', 'зҷ»еҪ•жҲҗеҠҹ', '2026-04-13 15:39:40');
INSERT INTO `sys_logininfor` VALUES (119, 'admin', '127.0.0.1', 'еҶ…зҪ‘IP', 'Edge 146', 'Windows >=10', '0', 'зҷ»еҪ•жҲҗеҠҹ', '2026-04-13 15:48:54');
INSERT INTO `sys_logininfor` VALUES (120, 'admin', '127.0.0.1', 'еҶ…зҪ‘IP', 'Edge 146', 'Windows >=10', '0', 'зҷ»еҪ•жҲҗеҠҹ', '2026-04-13 19:12:04');
INSERT INTO `sys_logininfor` VALUES (121, 'admin', '127.0.0.1', 'еҶ…зҪ‘IP', 'Edge 146', 'Windows >=10', '0', 'зҷ»еҪ•жҲҗеҠҹ', '2026-04-13 19:39:11');
INSERT INTO `sys_logininfor` VALUES (122, 'еј дёүдёҖ', '127.0.0.1', 'еҶ…зҪ‘IP', 'Edge 146', 'Windows >=10', '0', 'зҷ»еҪ•жҲҗеҠҹ', '2026-04-13 19:39:40');
INSERT INTO `sys_logininfor` VALUES (123, 'admin', '127.0.0.1', 'еҶ…зҪ‘IP', 'Edge 146', 'Windows >=10', '0', 'зҷ»еҪ•жҲҗеҠҹ', '2026-04-13 19:46:07');
INSERT INTO `sys_logininfor` VALUES (124, '110', '127.0.0.1', 'еҶ…зҪ‘IP', 'Edge 146', 'Windows >=10', '0', 'зҷ»еҪ•жҲҗеҠҹ', '2026-04-13 19:47:42');
INSERT INTO `sys_logininfor` VALUES (125, '110', '127.0.0.1', 'еҶ…зҪ‘IP', 'Edge 146', 'Windows >=10', '0', 'зҷ»еҪ•жҲҗеҠҹ', '2026-04-13 19:49:55');
INSERT INTO `sys_logininfor` VALUES (126, '110', '127.0.0.1', 'еҶ…зҪ‘IP', 'Edge 146', 'Windows >=10', '0', 'зҷ»еҪ•жҲҗеҠҹ', '2026-04-13 19:50:27');
INSERT INTO `sys_logininfor` VALUES (127, '110', '127.0.0.1', 'еҶ…зҪ‘IP', 'Edge 146', 'Windows >=10', '0', 'зҷ»еҪ•жҲҗеҠҹ', '2026-04-13 19:53:57');
INSERT INTO `sys_logininfor` VALUES (128, '110', '127.0.0.1', 'еҶ…зҪ‘IP', 'Edge 146', 'Windows >=10', '0', 'зҷ»еҪ•жҲҗеҠҹ', '2026-04-13 19:56:16');
INSERT INTO `sys_logininfor` VALUES (129, '15133915833', '127.0.0.1', 'еҶ…зҪ‘IP', 'Edge 146', 'Windows >=10', '0', 'зҷ»еҪ•жҲҗеҠҹ', '2026-04-13 20:02:43');
INSERT INTO `sys_logininfor` VALUES (130, '110', '127.0.0.1', 'еҶ…зҪ‘IP', 'Edge 146', 'Windows >=10', '0', 'зҷ»еҪ•жҲҗеҠҹ', '2026-04-13 20:03:11');
INSERT INTO `sys_logininfor` VALUES (131, '17732527577', '127.0.0.1', 'еҶ…зҪ‘IP', 'Edge 146', 'Windows >=10', '0', 'зҷ»еҪ•жҲҗеҠҹ', '2026-04-13 20:22:57');
INSERT INTO `sys_logininfor` VALUES (132, '110', '127.0.0.1', 'еҶ…зҪ‘IP', 'Edge 146', 'Windows >=10', '0', 'зҷ»еҪ•жҲҗеҠҹ', '2026-04-13 20:29:25');
INSERT INTO `sys_logininfor` VALUES (133, '110', '127.0.0.1', 'еҶ…зҪ‘IP', 'Edge 146', 'Windows >=10', '0', 'зҷ»еҪ•жҲҗеҠҹ', '2026-04-13 20:29:38');
INSERT INTO `sys_logininfor` VALUES (134, '110', '127.0.0.1', 'еҶ…зҪ‘IP', 'Edge 146', 'Windows >=10', '0', 'зҷ»еҪ•жҲҗеҠҹ', '2026-04-13 20:33:50');
INSERT INTO `sys_logininfor` VALUES (135, '110', '127.0.0.1', 'еҶ…зҪ‘IP', 'Edge 146', 'Windows >=10', '1', 'йӘҢиҜҒз Ғй”ҷиҜҜ', '2026-04-13 20:37:14');
INSERT INTO `sys_logininfor` VALUES (136, '110', '127.0.0.1', 'еҶ…зҪ‘IP', 'Edge 146', 'Windows >=10', '0', 'зҷ»еҪ•жҲҗеҠҹ', '2026-04-13 20:37:18');
INSERT INTO `sys_logininfor` VALUES (137, '110', '127.0.0.1', 'еҶ…зҪ‘IP', 'Edge 146', 'Windows >=10', '0', 'зҷ»еҪ•жҲҗеҠҹ', '2026-04-13 20:43:08');
INSERT INTO `sys_logininfor` VALUES (138, '110', '127.0.0.1', 'еҶ…зҪ‘IP', 'Edge 146', 'Windows >=10', '0', 'зҷ»еҪ•жҲҗеҠҹ', '2026-04-13 20:43:18');
INSERT INTO `sys_logininfor` VALUES (139, '110', '127.0.0.1', 'еҶ…зҪ‘IP', 'Edge 146', 'Windows >=10', '0', 'зҷ»еҪ•жҲҗеҠҹ', '2026-04-13 20:45:23');
INSERT INTO `sys_logininfor` VALUES (140, '110', '127.0.0.1', 'еҶ…зҪ‘IP', 'Edge 146', 'Windows >=10', '0', 'зҷ»еҪ•жҲҗеҠҹ', '2026-04-13 20:45:43');
INSERT INTO `sys_logininfor` VALUES (141, '110', '127.0.0.1', 'еҶ…зҪ‘IP', 'Edge 146', 'Windows >=10', '0', 'зҷ»еҪ•жҲҗеҠҹ', '2026-04-13 20:48:12');
INSERT INTO `sys_logininfor` VALUES (142, '110', '127.0.0.1', 'еҶ…зҪ‘IP', 'Edge 146', 'Windows >=10', '0', 'зҷ»еҪ•жҲҗеҠҹ', '2026-04-13 20:49:48');
INSERT INTO `sys_logininfor` VALUES (143, '110', '127.0.0.1', 'еҶ…зҪ‘IP', 'Edge 146', 'Windows >=10', '0', 'зҷ»еҪ•жҲҗеҠҹ', '2026-04-13 20:53:36');
INSERT INTO `sys_logininfor` VALUES (144, '110', '127.0.0.1', 'еҶ…зҪ‘IP', 'Edge 146', 'Windows >=10', '0', 'зҷ»еҪ•жҲҗеҠҹ', '2026-04-13 20:55:07');
INSERT INTO `sys_logininfor` VALUES (145, '110', '127.0.0.1', 'еҶ…зҪ‘IP', 'Edge 146', 'Windows >=10', '0', 'зҷ»еҪ•жҲҗеҠҹ', '2026-04-14 14:48:04');
INSERT INTO `sys_logininfor` VALUES (146, '17732527577', '127.0.0.1', 'еҶ…зҪ‘IP', 'Edge 146', 'Windows >=10', '0', 'зҷ»еҪ•жҲҗеҠҹ', '2026-04-14 14:49:11');
INSERT INTO `sys_logininfor` VALUES (147, '15133975866', '127.0.0.1', 'еҶ…зҪ‘IP', 'Edge 146', 'Windows >=10', '1', 'з”ЁжҲ·дёҚеӯҳеңЁ/еҜҶз Ғй”ҷиҜҜ', '2026-04-14 14:49:24');
INSERT INTO `sys_logininfor` VALUES (148, '110', '127.0.0.1', 'еҶ…зҪ‘IP', 'Edge 146', 'Windows >=10', '0', 'зҷ»еҪ•жҲҗеҠҹ', '2026-04-14 14:49:35');
INSERT INTO `sys_logininfor` VALUES (149, '110', '127.0.0.1', 'еҶ…зҪ‘IP', 'Edge 146', 'Windows >=10', '0', 'зҷ»еҪ•жҲҗеҠҹ', '2026-04-14 15:00:51');
INSERT INTO `sys_logininfor` VALUES (150, '110', '127.0.0.1', 'еҶ…зҪ‘IP', 'Edge 146', 'Windows >=10', '0', 'зҷ»еҪ•жҲҗеҠҹ', '2026-04-14 15:02:07');
INSERT INTO `sys_logininfor` VALUES (151, 'admin', '127.0.0.1', 'еҶ…зҪ‘IP', 'Edge 146', 'Windows >=10', '1', 'з”ЁжҲ·дёҚеӯҳеңЁ/еҜҶз Ғй”ҷиҜҜ', '2026-04-14 15:18:45');
INSERT INTO `sys_logininfor` VALUES (152, '110', '127.0.0.1', 'еҶ…зҪ‘IP', 'Edge 146', 'Windows >=10', '1', 'йӘҢиҜҒз Ғй”ҷиҜҜ', '2026-04-14 15:18:53');
INSERT INTO `sys_logininfor` VALUES (153, '110', '127.0.0.1', 'еҶ…зҪ‘IP', 'Edge 146', 'Windows >=10', '0', 'зҷ»еҪ•жҲҗеҠҹ', '2026-04-14 15:18:58');
INSERT INTO `sys_logininfor` VALUES (154, '110', '127.0.0.1', 'еҶ…зҪ‘IP', 'Edge 146', 'Windows >=10', '1', 'йӘҢиҜҒз Ғй”ҷиҜҜ', '2026-04-14 15:26:01');
INSERT INTO `sys_logininfor` VALUES (155, '110', '127.0.0.1', 'еҶ…зҪ‘IP', 'Edge 146', 'Windows >=10', '1', 'йӘҢиҜҒз Ғй”ҷиҜҜ', '2026-04-14 15:26:05');
INSERT INTO `sys_logininfor` VALUES (156, '110', '127.0.0.1', 'еҶ…зҪ‘IP', 'Edge 146', 'Windows >=10', '1', 'йӘҢиҜҒз Ғй”ҷиҜҜ', '2026-04-14 15:26:11');
INSERT INTO `sys_logininfor` VALUES (157, '110', '127.0.0.1', 'еҶ…зҪ‘IP', 'Edge 146', 'Windows >=10', '0', 'зҷ»еҪ•жҲҗеҠҹ', '2026-04-14 15:26:19');
INSERT INTO `sys_logininfor` VALUES (158, '110', '127.0.0.1', 'еҶ…зҪ‘IP', 'Edge 146', 'Windows >=10', '0', 'зҷ»еҪ•жҲҗеҠҹ', '2026-04-14 15:31:28');
INSERT INTO `sys_logininfor` VALUES (159, '110', '127.0.0.1', 'еҶ…зҪ‘IP', 'Edge 146', 'Windows >=10', '0', 'зҷ»еҪ•жҲҗеҠҹ', '2026-04-14 15:37:49');
INSERT INTO `sys_logininfor` VALUES (160, '110', '127.0.0.1', 'еҶ…зҪ‘IP', 'Edge 147', 'Windows >=10', '0', 'зҷ»еҪ•жҲҗеҠҹ', '2026-04-14 15:53:15');
INSERT INTO `sys_logininfor` VALUES (161, '110', '127.0.0.1', 'еҶ…зҪ‘IP', 'Edge 147', 'Windows >=10', '1', 'йӘҢиҜҒз Ғй”ҷиҜҜ', '2026-04-14 15:56:15');
INSERT INTO `sys_logininfor` VALUES (162, '110', '127.0.0.1', 'еҶ…зҪ‘IP', 'Edge 147', 'Windows >=10', '0', 'зҷ»еҪ•жҲҗеҠҹ', '2026-04-14 15:56:19');
INSERT INTO `sys_logininfor` VALUES (163, '110', '127.0.0.1', 'еҶ…зҪ‘IP', 'Edge 147', 'Windows >=10', '0', 'зҷ»еҪ•жҲҗеҠҹ', '2026-04-14 19:17:53');
INSERT INTO `sys_logininfor` VALUES (164, '110', '127.0.0.1', 'еҶ…зҪ‘IP', 'Edge 147', 'Windows >=10', '0', 'зҷ»еҪ•жҲҗеҠҹ', '2026-04-14 20:03:46');
INSERT INTO `sys_logininfor` VALUES (165, '110', '127.0.0.1', 'еҶ…зҪ‘IP', 'Edge 147', 'Windows >=10', '0', 'зҷ»еҪ•жҲҗеҠҹ', '2026-04-14 20:26:07');
INSERT INTO `sys_logininfor` VALUES (166, '110', '127.0.0.1', 'еҶ…зҪ‘IP', 'Edge 147', 'Windows >=10', '1', 'йӘҢиҜҒз Ғй”ҷиҜҜ', '2026-04-14 20:27:35');
INSERT INTO `sys_logininfor` VALUES (167, '110', '127.0.0.1', 'еҶ…зҪ‘IP', 'Edge 147', 'Windows >=10', '0', 'зҷ»еҪ•жҲҗеҠҹ', '2026-04-14 20:27:39');
INSERT INTO `sys_logininfor` VALUES (168, '110', '127.0.0.1', 'еҶ…зҪ‘IP', 'Edge 147', 'Windows >=10', '0', 'зҷ»еҪ•жҲҗеҠҹ', '2026-04-16 21:44:40');
INSERT INTO `sys_logininfor` VALUES (169, '110', '127.0.0.1', 'еҶ…зҪ‘IP', 'Edge 147', 'Windows >=10', '0', 'зҷ»еҪ•жҲҗеҠҹ', '2026-04-16 21:54:01');
INSERT INTO `sys_logininfor` VALUES (170, '110', '127.0.0.1', 'еҶ…зҪ‘IP', 'Edge 147', 'Windows >=10', '0', 'зҷ»еҪ•жҲҗеҠҹ', '2026-04-16 21:55:30');
INSERT INTO `sys_logininfor` VALUES (171, '110', '127.0.0.1', 'еҶ…зҪ‘IP', 'Edge 147', 'Windows >=10', '1', 'йӘҢиҜҒз Ғй”ҷиҜҜ', '2026-04-17 10:48:23');
INSERT INTO `sys_logininfor` VALUES (172, '110', '127.0.0.1', 'еҶ…зҪ‘IP', 'Edge 147', 'Windows >=10', '0', 'зҷ»еҪ•жҲҗеҠҹ', '2026-04-17 10:48:30');
INSERT INTO `sys_logininfor` VALUES (173, '110', '127.0.0.1', 'еҶ…зҪ‘IP', 'Edge 147', 'Windows >=10', '0', 'зҷ»еҪ•жҲҗеҠҹ', '2026-04-17 10:50:28');
INSERT INTO `sys_logininfor` VALUES (174, '110', '127.0.0.1', 'еҶ…зҪ‘IP', 'Edge 147', 'Windows >=10', '0', 'зҷ»еҪ•жҲҗеҠҹ', '2026-04-17 11:34:19');
INSERT INTO `sys_logininfor` VALUES (175, '110', '127.0.0.1', 'еҶ…зҪ‘IP', 'Edge 147', 'Windows >=10', '0', 'зҷ»еҪ•жҲҗеҠҹ', '2026-04-17 11:44:32');
INSERT INTO `sys_logininfor` VALUES (176, 'admin', '127.0.0.1', 'еҶ…зҪ‘IP', 'Edge 147', 'Windows >=10', '1', 'з”ЁжҲ·дёҚеӯҳеңЁ/еҜҶз Ғй”ҷиҜҜ', '2026-04-17 11:58:14');
INSERT INTO `sys_logininfor` VALUES (177, '110', '127.0.0.1', 'еҶ…зҪ‘IP', 'Edge 147', 'Windows >=10', '1', 'йӘҢиҜҒз Ғй”ҷиҜҜ', '2026-04-17 11:58:21');
INSERT INTO `sys_logininfor` VALUES (178, '110', '127.0.0.1', 'еҶ…зҪ‘IP', 'Edge 147', 'Windows >=10', '0', 'зҷ»еҪ•жҲҗеҠҹ', '2026-04-17 11:58:24');
INSERT INTO `sys_logininfor` VALUES (179, '110', '127.0.0.1', 'еҶ…зҪ‘IP', 'Edge 147', 'Windows >=10', '0', 'зҷ»еҪ•жҲҗеҠҹ', '2026-04-17 12:09:57');
INSERT INTO `sys_logininfor` VALUES (180, '110', '127.0.0.1', 'еҶ…зҪ‘IP', 'Edge 147', 'Windows >=10', '0', 'зҷ»еҪ•жҲҗеҠҹ', '2026-04-17 12:13:20');
INSERT INTO `sys_logininfor` VALUES (181, '110', '127.0.0.1', 'еҶ…зҪ‘IP', 'Edge 147', 'Windows >=10', '0', 'зҷ»еҪ•жҲҗеҠҹ', '2026-04-17 12:24:55');
INSERT INTO `sys_logininfor` VALUES (182, '110', '127.0.0.1', 'еҶ…зҪ‘IP', 'Edge 147', 'Windows >=10', '0', 'зҷ»еҪ•жҲҗеҠҹ', '2026-04-17 12:31:51');
INSERT INTO `sys_logininfor` VALUES (183, '110', '127.0.0.1', 'еҶ…зҪ‘IP', 'Edge 147', 'Windows >=10', '0', 'зҷ»еҪ•жҲҗеҠҹ', '2026-04-17 12:44:02');
INSERT INTO `sys_logininfor` VALUES (184, '110', '127.0.0.1', 'еҶ…зҪ‘IP', 'Edge 147', 'Windows >=10', '0', 'зҷ»еҪ•жҲҗеҠҹ', '2026-04-17 12:45:33');
INSERT INTO `sys_logininfor` VALUES (185, '110', '127.0.0.1', 'еҶ…зҪ‘IP', 'Edge 147', 'Windows >=10', '0', 'зҷ»еҪ•жҲҗеҠҹ', '2026-04-17 13:01:44');
INSERT INTO `sys_logininfor` VALUES (186, '110', '127.0.0.1', 'еҶ…зҪ‘IP', 'Edge 147', 'Windows >=10', '0', 'зҷ»еҪ•жҲҗеҠҹ', '2026-04-17 13:45:29');
INSERT INTO `sys_logininfor` VALUES (187, '110', '127.0.0.1', 'еҶ…зҪ‘IP', 'Edge 147', 'Windows >=10', '1', 'йӘҢиҜҒз Ғй”ҷиҜҜ', '2026-04-17 16:20:01');
INSERT INTO `sys_logininfor` VALUES (188, '110', '127.0.0.1', 'еҶ…зҪ‘IP', 'Edge 147', 'Windows >=10', '0', 'зҷ»еҪ•жҲҗеҠҹ', '2026-04-17 16:20:05');
INSERT INTO `sys_logininfor` VALUES (189, '110', '127.0.0.1', 'еҶ…зҪ‘IP', 'Edge 147', 'Windows >=10', '0', 'зҷ»еҪ•жҲҗеҠҹ', '2026-04-17 16:43:14');
INSERT INTO `sys_logininfor` VALUES (190, '110', '127.0.0.1', 'еҶ…зҪ‘IP', 'Edge 147', 'Windows >=10', '0', 'зҷ»еҪ•жҲҗеҠҹ', '2026-04-17 16:53:05');
INSERT INTO `sys_logininfor` VALUES (191, '110', '127.0.0.1', 'еҶ…зҪ‘IP', 'Edge 147', 'Windows >=10', '0', 'зҷ»еҪ•жҲҗеҠҹ', '2026-04-17 17:09:56');
INSERT INTO `sys_logininfor` VALUES (192, '110', '127.0.0.1', 'еҶ…зҪ‘IP', 'Edge 147', 'Windows >=10', '0', 'зҷ»еҪ•жҲҗеҠҹ', '2026-04-17 18:17:34');
INSERT INTO `sys_logininfor` VALUES (193, '110', '127.0.0.1', 'еҶ…зҪ‘IP', 'Edge 147', 'Windows >=10', '0', 'зҷ»еҪ•жҲҗеҠҹ', '2026-04-17 19:49:38');
INSERT INTO `sys_logininfor` VALUES (194, '110', '127.0.0.1', 'еҶ…зҪ‘IP', 'Edge 147', 'Windows >=10', '0', 'зҷ»еҪ•жҲҗеҠҹ', '2026-04-17 20:48:37');
INSERT INTO `sys_logininfor` VALUES (195, '110', '127.0.0.1', 'еҶ…зҪ‘IP', 'Edge 147', 'Windows >=10', '0', 'зҷ»еҪ•жҲҗеҠҹ', '2026-04-17 21:47:41');
INSERT INTO `sys_logininfor` VALUES (196, '110', '127.0.0.1', 'еҶ…зҪ‘IP', 'Edge 147', 'Windows >=10', '0', 'зҷ»еҪ•жҲҗеҠҹ', '2026-04-30 14:13:23');
INSERT INTO `sys_logininfor` VALUES (197, '110', '127.0.0.1', 'еҶ…зҪ‘IP', 'Edge 147', 'Windows >=10', '0', 'зҷ»еҪ•жҲҗеҠҹ', '2026-05-06 15:03:03');
INSERT INTO `sys_logininfor` VALUES (198, '17732527577', '127.0.0.1', 'еҶ…зҪ‘IP', 'Edge 147', 'Windows >=10', '0', 'зҷ»еҪ•жҲҗеҠҹ', '2026-05-06 15:03:34');
INSERT INTO `sys_logininfor` VALUES (199, '110', '127.0.0.1', 'еҶ…зҪ‘IP', 'Edge 147', 'Windows >=10', '0', 'зҷ»еҪ•жҲҗеҠҹ', '2026-05-06 15:03:59');
INSERT INTO `sys_logininfor` VALUES (200, '17732527577', '127.0.0.1', 'еҶ…зҪ‘IP', 'Edge 147', 'Windows >=10', '0', 'зҷ»еҪ•жҲҗеҠҹ', '2026-05-06 15:15:41');
INSERT INTO `sys_logininfor` VALUES (201, '110', '127.0.0.1', 'еҶ…зҪ‘IP', 'Edge 147', 'Windows >=10', '0', 'зҷ»еҪ•жҲҗеҠҹ', '2026-05-06 15:25:40');
INSERT INTO `sys_logininfor` VALUES (202, '17732527578', '127.0.0.1', 'еҶ…зҪ‘IP', 'Edge 147', 'Windows >=10', '0', 'зҷ»еҪ•жҲҗеҠҹ', '2026-05-06 15:26:26');
INSERT INTO `sys_logininfor` VALUES (203, '110', '127.0.0.1', 'еҶ…зҪ‘IP', 'Edge 147', 'Windows >=10', '0', 'зҷ»еҪ•жҲҗеҠҹ', '2026-05-06 15:36:16');
INSERT INTO `sys_logininfor` VALUES (204, '110', '127.0.0.1', 'еҶ…зҪ‘IP', 'Edge 147', 'Windows >=10', '0', 'зҷ»еҪ•жҲҗеҠҹ', '2026-05-06 15:38:01');
INSERT INTO `sys_logininfor` VALUES (205, '110', '127.0.0.1', 'еҶ…зҪ‘IP', 'Edge 147', 'Windows >=10', '0', 'зҷ»еҪ•жҲҗеҠҹ', '2026-05-06 15:38:10');
INSERT INTO `sys_logininfor` VALUES (206, '110', '127.0.0.1', 'еҶ…зҪ‘IP', 'Edge 147', 'Windows >=10', '0', 'зҷ»еҪ•жҲҗеҠҹ', '2026-05-06 16:08:36');
INSERT INTO `sys_logininfor` VALUES (207, '110', '127.0.0.1', 'еҶ…зҪ‘IP', 'Edge 147', 'Windows >=10', '0', 'зҷ»еҪ•жҲҗеҠҹ', '2026-05-06 17:00:08');
INSERT INTO `sys_logininfor` VALUES (208, '110', '127.0.0.1', 'еҶ…зҪ‘IP', 'Edge 147', 'Windows >=10', '1', 'йӘҢиҜҒз Ғе·ІеӨұж•Ҳ', '2026-05-06 17:33:59');
INSERT INTO `sys_logininfor` VALUES (209, '110', '127.0.0.1', 'еҶ…зҪ‘IP', 'Edge 147', 'Windows >=10', '0', 'зҷ»еҪ•жҲҗеҠҹ', '2026-05-06 17:34:02');
INSERT INTO `sys_logininfor` VALUES (210, '110', '127.0.0.1', 'еҶ…зҪ‘IP', 'Edge 147', 'Windows >=10', '0', 'зҷ»еҪ•жҲҗеҠҹ', '2026-05-06 18:39:30');
INSERT INTO `sys_logininfor` VALUES (211, '110', '127.0.0.1', 'еҶ…зҪ‘IP', 'Edge 147', 'Windows >=10', '1', 'йӘҢиҜҒз Ғй”ҷиҜҜ', '2026-05-07 14:50:46');
INSERT INTO `sys_logininfor` VALUES (212, '110', '127.0.0.1', 'еҶ…зҪ‘IP', 'Edge 147', 'Windows >=10', '0', 'зҷ»еҪ•жҲҗеҠҹ', '2026-05-07 14:50:49');
INSERT INTO `sys_logininfor` VALUES (213, '110', '127.0.0.1', 'еҶ…зҪ‘IP', 'Edge 147', 'Windows >=10', '0', 'зҷ»еҪ•жҲҗеҠҹ', '2026-05-07 16:31:05');
INSERT INTO `sys_logininfor` VALUES (214, '110', '127.0.0.1', 'еҶ…зҪ‘IP', 'Edge 147', 'Windows >=10', '0', 'зҷ»еҪ•жҲҗеҠҹ', '2026-05-09 11:05:21');
INSERT INTO `sys_logininfor` VALUES (215, '110', '127.0.0.1', 'еҶ…зҪ‘IP', 'Edge 147', 'Windows >=10', '0', 'зҷ»еҪ•жҲҗеҠҹ', '2026-05-09 12:14:46');
INSERT INTO `sys_logininfor` VALUES (216, '17732527577', '127.0.0.1', 'еҶ…зҪ‘IP', 'Edge 147', 'Windows >=10', '1', 'йӘҢиҜҒз Ғе·ІеӨұж•Ҳ', '2026-05-09 13:59:55');
INSERT INTO `sys_logininfor` VALUES (217, '17732527577', '127.0.0.1', 'еҶ…зҪ‘IP', 'Edge 147', 'Windows >=10', '0', 'зҷ»еҪ•жҲҗеҠҹ', '2026-05-09 13:59:55');
INSERT INTO `sys_logininfor` VALUES (218, '110', '127.0.0.1', 'еҶ…зҪ‘IP', 'Edge 147', 'Windows >=10', '0', 'зҷ»еҪ•жҲҗеҠҹ', '2026-05-09 14:11:11');
INSERT INTO `sys_logininfor` VALUES (219, '110', '127.0.0.1', 'еҶ…зҪ‘IP', 'Edge 148', 'Windows >=10', '0', 'зҷ»еҪ•жҲҗеҠҹ', '2026-05-10 13:51:59');
INSERT INTO `sys_logininfor` VALUES (220, '17732527577', '127.0.0.1', 'еҶ…зҪ‘IP', 'Edge 148', 'Windows >=10', '1', 'з”ЁжҲ·е·Іе°ҒзҰҒпјҢиҜ·иҒ”зі»з®ЎзҗҶе‘ҳ', '2026-05-10 13:53:54');
INSERT INTO `sys_logininfor` VALUES (221, '110', '127.0.0.1', 'еҶ…зҪ‘IP', 'Edge 148', 'Windows >=10', '0', 'зҷ»еҪ•жҲҗеҠҹ', '2026-05-10 13:54:07');
INSERT INTO `sys_logininfor` VALUES (222, '110', '127.0.0.1', 'еҶ…зҪ‘IP', 'Edge 148', 'Windows >=10', '1', 'йӘҢиҜҒз Ғе·ІеӨұж•Ҳ', '2026-05-10 14:21:20');
INSERT INTO `sys_logininfor` VALUES (223, '110', '127.0.0.1', 'еҶ…зҪ‘IP', 'Edge 148', 'Windows >=10', '0', 'зҷ»еҪ•жҲҗеҠҹ', '2026-05-10 14:21:24');
INSERT INTO `sys_logininfor` VALUES (224, '110', '127.0.0.1', 'еҶ…зҪ‘IP', 'Edge 148', 'Windows >=10', '1', 'йӘҢиҜҒз Ғе·ІеӨұж•Ҳ', '2026-05-10 14:40:03');
INSERT INTO `sys_logininfor` VALUES (225, '110', '127.0.0.1', 'еҶ…зҪ‘IP', 'Edge 148', 'Windows >=10', '1', 'йӘҢиҜҒз Ғй”ҷиҜҜ', '2026-05-10 14:40:08');
INSERT INTO `sys_logininfor` VALUES (226, '110', '127.0.0.1', 'еҶ…зҪ‘IP', 'Edge 148', 'Windows >=10', '0', 'зҷ»еҪ•жҲҗеҠҹ', '2026-05-10 14:40:13');
INSERT INTO `sys_logininfor` VALUES (227, '110', '127.0.0.1', 'еҶ…зҪ‘IP', 'Edge 148', 'Windows >=10', '0', 'зҷ»еҪ•жҲҗеҠҹ', '2026-05-10 14:45:06');
INSERT INTO `sys_logininfor` VALUES (228, '110', '127.0.0.1', 'еҶ…зҪ‘IP', 'Edge 148', 'Windows >=10', '0', 'зҷ»еҪ•жҲҗеҠҹ', '2026-05-10 15:03:34');
INSERT INTO `sys_logininfor` VALUES (229, '110', '127.0.0.1', 'еҶ…зҪ‘IP', 'Edge 148', 'Windows >=10', '0', 'зҷ»еҪ•жҲҗеҠҹ', '2026-05-10 15:04:20');
INSERT INTO `sys_logininfor` VALUES (230, '110', '127.0.0.1', 'еҶ…зҪ‘IP', 'Edge 148', 'Windows >=10', '0', 'зҷ»еҪ•жҲҗеҠҹ', '2026-05-10 15:40:13');

-- ----------------------------
-- Table structure for sys_menu
-- ----------------------------
DROP TABLE IF EXISTS `sys_menu`;
CREATE TABLE `sys_menu`  (
  `menu_id` bigint(0) NOT NULL AUTO_INCREMENT COMMENT 'иҸңеҚ•ID',
  `menu_name` varchar(50) CHARACTER SET utf8mb4 COLLATE utf8mb4_0900_ai_ci NOT NULL COMMENT 'иҸңеҚ•еҗҚз§°',
  `parent_id` bigint(0) DEFAULT 0 COMMENT 'зҲ¶иҸңеҚ•ID',
  `order_num` int(0) DEFAULT 0 COMMENT 'жҳҫзӨәйЎәеәҸ',
  `path` varchar(200) CHARACTER SET utf8mb4 COLLATE utf8mb4_0900_ai_ci DEFAULT '' COMMENT 'и·Ҝз”ұең°еқҖ',
  `component` varchar(255) CHARACTER SET utf8mb4 COLLATE utf8mb4_0900_ai_ci DEFAULT NULL COMMENT 'з»„д»¶и·Ҝеҫ„',
  `query` varchar(255) CHARACTER SET utf8mb4 COLLATE utf8mb4_0900_ai_ci DEFAULT NULL COMMENT 'и·Ҝз”ұеҸӮж•°',
  `route_name` varchar(50) CHARACTER SET utf8mb4 COLLATE utf8mb4_0900_ai_ci DEFAULT '' COMMENT 'и·Ҝз”ұеҗҚз§°',
  `is_frame` int(0) DEFAULT 1 COMMENT 'жҳҜеҗҰдёәеӨ–й“ҫпјҲ0жҳҜ 1еҗҰпјү',
  `is_cache` int(0) DEFAULT 0 COMMENT 'жҳҜеҗҰзј“еӯҳпјҲ0зј“еӯҳ 1дёҚзј“еӯҳпјү',
  `menu_type` char(1) CHARACTER SET utf8mb4 COLLATE utf8mb4_0900_ai_ci DEFAULT '' COMMENT 'иҸңеҚ•зұ»еһӢпјҲMзӣ®еҪ• CиҸңеҚ• FжҢүй’®пјү',
  `visible` char(1) CHARACTER SET utf8mb4 COLLATE utf8mb4_0900_ai_ci DEFAULT '0' COMMENT 'иҸңеҚ•зҠ¶жҖҒпјҲ0жҳҫзӨә 1йҡҗи—Ҹпјү',
  `status` char(1) CHARACTER SET utf8mb4 COLLATE utf8mb4_0900_ai_ci DEFAULT '0' COMMENT 'иҸңеҚ•зҠ¶жҖҒпјҲ0жӯЈеёё 1еҒңз”Ёпјү',
  `perms` varchar(100) CHARACTER SET utf8mb4 COLLATE utf8mb4_0900_ai_ci DEFAULT NULL COMMENT 'жқғйҷҗж ҮиҜҶ',
  `icon` varchar(100) CHARACTER SET utf8mb4 COLLATE utf8mb4_0900_ai_ci DEFAULT '#' COMMENT 'иҸңеҚ•еӣҫж Ү',
  `create_by` varchar(64) CHARACTER SET utf8mb4 COLLATE utf8mb4_0900_ai_ci DEFAULT '' COMMENT 'еҲӣе»әиҖ…',
  `create_time` datetime(0) DEFAULT NULL COMMENT 'еҲӣе»әж—¶й—ҙ',
  `update_by` varchar(64) CHARACTER SET utf8mb4 COLLATE utf8mb4_0900_ai_ci DEFAULT '' COMMENT 'жӣҙж–°иҖ…',
  `update_time` datetime(0) DEFAULT NULL COMMENT 'жӣҙж–°ж—¶й—ҙ',
  `remark` varchar(500) CHARACTER SET utf8mb4 COLLATE utf8mb4_0900_ai_ci DEFAULT '' COMMENT 'еӨҮжіЁ',
  PRIMARY KEY (`menu_id`) USING BTREE
) ENGINE = InnoDB AUTO_INCREMENT = 2023 CHARACTER SET = utf8mb4 COLLATE = utf8mb4_0900_ai_ci COMMENT = 'иҸңеҚ•жқғйҷҗиЎЁ' ROW_FORMAT = Dynamic;

-- ----------------------------
-- Records of sys_menu
-- ----------------------------
INSERT INTO `sys_menu` VALUES (1, 'зі»з»ҹз®ЎзҗҶ', 0, 1, 'system', NULL, '', '', 1, 0, 'M', '0', '0', '', 'system', 'admin', '2026-04-12 19:44:47', '', NULL, 'зі»з»ҹз®ЎзҗҶзӣ®еҪ•');
INSERT INTO `sys_menu` VALUES (2, 'зі»з»ҹзӣ‘жҺ§', 0, 2, 'monitor', NULL, '', '', 1, 0, 'M', '0', '0', '', 'monitor', 'admin', '2026-04-12 19:44:47', '', NULL, 'зі»з»ҹзӣ‘жҺ§зӣ®еҪ•');
INSERT INTO `sys_menu` VALUES (3, 'зі»з»ҹе·Ҙе…·', 0, 3, 'tool', NULL, '', '', 1, 0, 'M', '0', '0', '', 'tool', 'admin', '2026-04-12 19:44:47', '', NULL, 'зі»з»ҹе·Ҙе…·зӣ®еҪ•');
INSERT INTO `sys_menu` VALUES (4, 'иӢҘдҫқе®ҳзҪ‘', 0, 4, 'http://ruoyi.vip', NULL, '', '', 0, 0, 'M', '0', '0', '', 'guide', 'admin', '2026-04-12 19:44:47', '', NULL, 'иӢҘдҫқе®ҳзҪ‘ең°еқҖ');
INSERT INTO `sys_menu` VALUES (100, 'з”ЁжҲ·з®ЎзҗҶ', 1, 1, 'user', 'system/user/index', '', '', 1, 0, 'C', '0', '0', 'system:user:list', 'user', 'admin', '2026-04-12 19:44:47', '', NULL, 'з”ЁжҲ·з®ЎзҗҶиҸңеҚ•');
INSERT INTO `sys_menu` VALUES (101, 'и§’иүІз®ЎзҗҶ', 1, 2, 'role', 'system/role/index', '', '', 1, 0, 'C', '0', '0', 'system:role:list', 'peoples', 'admin', '2026-04-12 19:44:47', '', NULL, 'и§’иүІз®ЎзҗҶиҸңеҚ•');
INSERT INTO `sys_menu` VALUES (102, 'иҸңеҚ•з®ЎзҗҶ', 1, 3, 'menu', 'system/menu/index', '', '', 1, 0, 'C', '0', '0', 'system:menu:list', 'tree-table', 'admin', '2026-04-12 19:44:47', '', NULL, 'иҸңеҚ•з®ЎзҗҶиҸңеҚ•');
INSERT INTO `sys_menu` VALUES (103, 'йғЁй—Ёз®ЎзҗҶ', 1, 4, 'dept', 'system/dept/index', '', '', 1, 0, 'C', '0', '0', 'system:dept:list', 'tree', 'admin', '2026-04-12 19:44:47', '', NULL, 'йғЁй—Ёз®ЎзҗҶиҸңеҚ•');
INSERT INTO `sys_menu` VALUES (104, 'еІ—дҪҚз®ЎзҗҶ', 1, 5, 'post', 'system/post/index', '', '', 1, 0, 'C', '0', '0', 'system:post:list', 'post', 'admin', '2026-04-12 19:44:47', '', NULL, 'еІ—дҪҚз®ЎзҗҶиҸңеҚ•');
INSERT INTO `sys_menu` VALUES (105, 'еӯ—е…ёз®ЎзҗҶ', 1, 6, 'dict', 'system/dict/index', '', '', 1, 0, 'C', '0', '0', 'system:dict:list', 'dict', 'admin', '2026-04-12 19:44:47', '', NULL, 'еӯ—е…ёз®ЎзҗҶиҸңеҚ•');
INSERT INTO `sys_menu` VALUES (106, 'еҸӮж•°и®ҫзҪ®', 1, 7, 'config', 'system/config/index', '', '', 1, 0, 'C', '0', '0', 'system:config:list', 'edit', 'admin', '2026-04-12 19:44:47', '', NULL, 'еҸӮж•°и®ҫзҪ®иҸңеҚ•');
INSERT INTO `sys_menu` VALUES (107, 'йҖҡзҹҘе…¬е‘Ҡ', 1, 8, 'notice', 'system/notice/index', '', '', 1, 0, 'C', '0', '0', 'system:notice:list', 'message', 'admin', '2026-04-12 19:44:47', '', NULL, 'йҖҡзҹҘе…¬е‘ҠиҸңеҚ•');
INSERT INTO `sys_menu` VALUES (108, 'ж—Ҙеҝ—з®ЎзҗҶ', 1, 9, 'log', '', '', '', 1, 0, 'M', '0', '0', '', 'log', 'admin', '2026-04-12 19:44:47', '', NULL, 'ж—Ҙеҝ—з®ЎзҗҶиҸңеҚ•');
INSERT INTO `sys_menu` VALUES (109, 'еңЁзәҝз”ЁжҲ·', 2, 1, 'online', 'monitor/online/index', '', '', 1, 0, 'C', '0', '0', 'monitor:online:list', 'online', 'admin', '2026-04-12 19:44:47', '', NULL, 'еңЁзәҝз”ЁжҲ·иҸңеҚ•');
INSERT INTO `sys_menu` VALUES (110, 'е®ҡж—¶д»»еҠЎ', 2, 2, 'job', 'monitor/job/index', '', '', 1, 0, 'C', '0', '0', 'monitor:job:list', 'job', 'admin', '2026-04-12 19:44:47', '', NULL, 'е®ҡж—¶д»»еҠЎиҸңеҚ•');
INSERT INTO `sys_menu` VALUES (111, 'ж•°жҚ®зӣ‘жҺ§', 2, 3, 'druid', 'monitor/druid/index', '', '', 1, 0, 'C', '0', '0', 'monitor:druid:list', 'druid', 'admin', '2026-04-12 19:44:47', '', NULL, 'ж•°жҚ®зӣ‘жҺ§иҸңеҚ•');
INSERT INTO `sys_menu` VALUES (112, 'жңҚеҠЎзӣ‘жҺ§', 2, 4, 'server', 'monitor/server/index', '', '', 1, 0, 'C', '0', '0', 'monitor:server:list', 'server', 'admin', '2026-04-12 19:44:47', '', NULL, 'жңҚеҠЎзӣ‘жҺ§иҸңеҚ•');
INSERT INTO `sys_menu` VALUES (113, 'зј“еӯҳзӣ‘жҺ§', 2, 5, 'cache', 'monitor/cache/index', '', '', 1, 0, 'C', '0', '0', 'monitor:cache:list', 'redis', 'admin', '2026-04-12 19:44:47', '', NULL, 'зј“еӯҳзӣ‘жҺ§иҸңеҚ•');
INSERT INTO `sys_menu` VALUES (114, 'зј“еӯҳеҲ—иЎЁ', 2, 6, 'cacheList', 'monitor/cache/list', '', '', 1, 0, 'C', '0', '0', 'monitor:cache:list', 'redis-list', 'admin', '2026-04-12 19:44:47', '', NULL, 'зј“еӯҳеҲ—иЎЁиҸңеҚ•');
INSERT INTO `sys_menu` VALUES (115, 'иЎЁеҚ•жһ„е»ә', 3, 1, 'build', 'tool/build/index', '', '', 1, 0, 'C', '0', '0', 'tool:build:list', 'build', 'admin', '2026-04-12 19:44:47', '', NULL, 'иЎЁеҚ•жһ„е»әиҸңеҚ•');
INSERT INTO `sys_menu` VALUES (116, 'д»Јз Ғз”ҹжҲҗ', 3, 2, 'gen', 'tool/gen/index', '', '', 1, 0, 'C', '0', '0', 'tool:gen:list', 'code', 'admin', '2026-04-12 19:44:47', '', NULL, 'д»Јз Ғз”ҹжҲҗиҸңеҚ•');
INSERT INTO `sys_menu` VALUES (117, 'зі»з»ҹжҺҘеҸЈ', 3, 3, 'swagger', 'tool/swagger/index', '', '', 1, 0, 'C', '0', '0', 'tool:swagger:list', 'swagger', 'admin', '2026-04-12 19:44:47', '', NULL, 'зі»з»ҹжҺҘеҸЈиҸңеҚ•');
INSERT INTO `sys_menu` VALUES (500, 'ж“ҚдҪңж—Ҙеҝ—', 108, 1, 'operlog', 'monitor/operlog/index', '', '', 1, 0, 'C', '0', '0', 'monitor:operlog:list', 'form', 'admin', '2026-04-12 19:44:47', '', NULL, 'ж“ҚдҪңж—Ҙеҝ—иҸңеҚ•');
INSERT INTO `sys_menu` VALUES (501, 'зҷ»еҪ•ж—Ҙеҝ—', 108, 2, 'logininfor', 'monitor/logininfor/index', '', '', 1, 0, 'C', '0', '0', 'monitor:logininfor:list', 'logininfor', 'admin', '2026-04-12 19:44:47', '', NULL, 'зҷ»еҪ•ж—Ҙеҝ—иҸңеҚ•');
INSERT INTO `sys_menu` VALUES (1000, 'з”ЁжҲ·жҹҘиҜў', 100, 1, '', '', '', '', 1, 0, 'F', '0', '0', 'system:user:query', '#', 'admin', '2026-04-12 19:44:47', '', NULL, '');
INSERT INTO `sys_menu` VALUES (1001, 'з”ЁжҲ·ж–°еўһ', 100, 2, '', '', '', '', 1, 0, 'F', '0', '0', 'system:user:add', '#', 'admin', '2026-04-12 19:44:47', '', NULL, '');
INSERT INTO `sys_menu` VALUES (1002, 'з”ЁжҲ·дҝ®ж”№', 100, 3, '', '', '', '', 1, 0, 'F', '0', '0', 'system:user:edit', '#', 'admin', '2026-04-12 19:44:47', '', NULL, '');
INSERT INTO `sys_menu` VALUES (1003, 'з”ЁжҲ·еҲ йҷӨ', 100, 4, '', '', '', '', 1, 0, 'F', '0', '0', 'system:user:remove', '#', 'admin', '2026-04-12 19:44:47', '', NULL, '');
INSERT INTO `sys_menu` VALUES (1004, 'з”ЁжҲ·еҜјеҮә', 100, 5, '', '', '', '', 1, 0, 'F', '0', '0', 'system:user:export', '#', 'admin', '2026-04-12 19:44:47', '', NULL, '');
INSERT INTO `sys_menu` VALUES (1005, 'з”ЁжҲ·еҜје…Ҙ', 100, 6, '', '', '', '', 1, 0, 'F', '0', '0', 'system:user:import', '#', 'admin', '2026-04-12 19:44:47', '', NULL, '');
INSERT INTO `sys_menu` VALUES (1006, 'йҮҚзҪ®еҜҶз Ғ', 100, 7, '', '', '', '', 1, 0, 'F', '0', '0', 'system:user:resetPwd', '#', 'admin', '2026-04-12 19:44:47', '', NULL, '');
INSERT INTO `sys_menu` VALUES (1007, 'и§’иүІжҹҘиҜў', 101, 1, '', '', '', '', 1, 0, 'F', '0', '0', 'system:role:query', '#', 'admin', '2026-04-12 19:44:47', '', NULL, '');
INSERT INTO `sys_menu` VALUES (1008, 'и§’иүІж–°еўһ', 101, 2, '', '', '', '', 1, 0, 'F', '0', '0', 'system:role:add', '#', 'admin', '2026-04-12 19:44:47', '', NULL, '');
INSERT INTO `sys_menu` VALUES (1009, 'и§’иүІдҝ®ж”№', 101, 3, '', '', '', '', 1, 0, 'F', '0', '0', 'system:role:edit', '#', 'admin', '2026-04-12 19:44:47', '', NULL, '');
INSERT INTO `sys_menu` VALUES (1010, 'и§’иүІеҲ йҷӨ', 101, 4, '', '', '', '', 1, 0, 'F', '0', '0', 'system:role:remove', '#', 'admin', '2026-04-12 19:44:47', '', NULL, '');
INSERT INTO `sys_menu` VALUES (1011, 'и§’иүІеҜјеҮә', 101, 5, '', '', '', '', 1, 0, 'F', '0', '0', 'system:role:export', '#', 'admin', '2026-04-12 19:44:47', '', NULL, '');
INSERT INTO `sys_menu` VALUES (1012, 'иҸңеҚ•жҹҘиҜў', 102, 1, '', '', '', '', 1, 0, 'F', '0', '0', 'system:menu:query', '#', 'admin', '2026-04-12 19:44:47', '', NULL, '');
INSERT INTO `sys_menu` VALUES (1013, 'иҸңеҚ•ж–°еўһ', 102, 2, '', '', '', '', 1, 0, 'F', '0', '0', 'system:menu:add', '#', 'admin', '2026-04-12 19:44:47', '', NULL, '');
INSERT INTO `sys_menu` VALUES (1014, 'иҸңеҚ•дҝ®ж”№', 102, 3, '', '', '', '', 1, 0, 'F', '0', '0', 'system:menu:edit', '#', 'admin', '2026-04-12 19:44:47', '', NULL, '');
INSERT INTO `sys_menu` VALUES (1015, 'иҸңеҚ•еҲ йҷӨ', 102, 4, '', '', '', '', 1, 0, 'F', '0', '0', 'system:menu:remove', '#', 'admin', '2026-04-12 19:44:47', '', NULL, '');
INSERT INTO `sys_menu` VALUES (1016, 'йғЁй—ЁжҹҘиҜў', 103, 1, '', '', '', '', 1, 0, 'F', '0', '0', 'system:dept:query', '#', 'admin', '2026-04-12 19:44:47', '', NULL, '');
INSERT INTO `sys_menu` VALUES (1017, 'йғЁй—Ёж–°еўһ', 103, 2, '', '', '', '', 1, 0, 'F', '0', '0', 'system:dept:add', '#', 'admin', '2026-04-12 19:44:47', '', NULL, '');
INSERT INTO `sys_menu` VALUES (1018, 'йғЁй—Ёдҝ®ж”№', 103, 3, '', '', '', '', 1, 0, 'F', '0', '0', 'system:dept:edit', '#', 'admin', '2026-04-12 19:44:47', '', NULL, '');
INSERT INTO `sys_menu` VALUES (1019, 'йғЁй—ЁеҲ йҷӨ', 103, 4, '', '', '', '', 1, 0, 'F', '0', '0', 'system:dept:remove', '#', 'admin', '2026-04-12 19:44:47', '', NULL, '');
INSERT INTO `sys_menu` VALUES (1020, 'еІ—дҪҚжҹҘиҜў', 104, 1, '', '', '', '', 1, 0, 'F', '0', '0', 'system:post:query', '#', 'admin', '2026-04-12 19:44:47', '', NULL, '');
INSERT INTO `sys_menu` VALUES (1021, 'еІ—дҪҚж–°еўһ', 104, 2, '', '', '', '', 1, 0, 'F', '0', '0', 'system:post:add', '#', 'admin', '2026-04-12 19:44:47', '', NULL, '');
INSERT INTO `sys_menu` VALUES (1022, 'еІ—дҪҚдҝ®ж”№', 104, 3, '', '', '', '', 1, 0, 'F', '0', '0', 'system:post:edit', '#', 'admin', '2026-04-12 19:44:47', '', NULL, '');
INSERT INTO `sys_menu` VALUES (1023, 'еІ—дҪҚеҲ йҷӨ', 104, 4, '', '', '', '', 1, 0, 'F', '0', '0', 'system:post:remove', '#', 'admin', '2026-04-12 19:44:47', '', NULL, '');
INSERT INTO `sys_menu` VALUES (1024, 'еІ—дҪҚеҜјеҮә', 104, 5, '', '', '', '', 1, 0, 'F', '0', '0', 'system:post:export', '#', 'admin', '2026-04-12 19:44:47', '', NULL, '');
INSERT INTO `sys_menu` VALUES (1025, 'еӯ—е…ёжҹҘиҜў', 105, 1, '#', '', '', '', 1, 0, 'F', '0', '0', 'system:dict:query', '#', 'admin', '2026-04-12 19:44:47', '', NULL, '');
INSERT INTO `sys_menu` VALUES (1026, 'еӯ—е…ёж–°еўһ', 105, 2, '#', '', '', '', 1, 0, 'F', '0', '0', 'system:dict:add', '#', 'admin', '2026-04-12 19:44:47', '', NULL, '');
INSERT INTO `sys_menu` VALUES (1027, 'еӯ—е…ёдҝ®ж”№', 105, 3, '#', '', '', '', 1, 0, 'F', '0', '0', 'system:dict:edit', '#', 'admin', '2026-04-12 19:44:47', '', NULL, '');
INSERT INTO `sys_menu` VALUES (1028, 'еӯ—е…ёеҲ йҷӨ', 105, 4, '#', '', '', '', 1, 0, 'F', '0', '0', 'system:dict:remove', '#', 'admin', '2026-04-12 19:44:47', '', NULL, '');
INSERT INTO `sys_menu` VALUES (1029, 'еӯ—е…ёеҜјеҮә', 105, 5, '#', '', '', '', 1, 0, 'F', '0', '0', 'system:dict:export', '#', 'admin', '2026-04-12 19:44:47', '', NULL, '');
INSERT INTO `sys_menu` VALUES (1030, 'еҸӮж•°жҹҘиҜў', 106, 1, '#', '', '', '', 1, 0, 'F', '0', '0', 'system:config:query', '#', 'admin', '2026-04-12 19:44:48', '', NULL, '');
INSERT INTO `sys_menu` VALUES (1031, 'еҸӮж•°ж–°еўһ', 106, 2, '#', '', '', '', 1, 0, 'F', '0', '0', 'system:config:add', '#', 'admin', '2026-04-12 19:44:48', '', NULL, '');
INSERT INTO `sys_menu` VALUES (1032, 'еҸӮж•°дҝ®ж”№', 106, 3, '#', '', '', '', 1, 0, 'F', '0', '0', 'system:config:edit', '#', 'admin', '2026-04-12 19:44:48', '', NULL, '');
INSERT INTO `sys_menu` VALUES (1033, 'еҸӮж•°еҲ йҷӨ', 106, 4, '#', '', '', '', 1, 0, 'F', '0', '0', 'system:config:remove', '#', 'admin', '2026-04-12 19:44:48', '', NULL, '');
INSERT INTO `sys_menu` VALUES (1034, 'еҸӮж•°еҜјеҮә', 106, 5, '#', '', '', '', 1, 0, 'F', '0', '0', 'system:config:export', '#', 'admin', '2026-04-12 19:44:48', '', NULL, '');
INSERT INTO `sys_menu` VALUES (1035, 'е…¬е‘ҠжҹҘиҜў', 107, 1, '#', '', '', '', 1, 0, 'F', '0', '0', 'system:notice:query', '#', 'admin', '2026-04-12 19:44:48', '', NULL, '');
INSERT INTO `sys_menu` VALUES (1036, 'е…¬е‘Ҡж–°еўһ', 107, 2, '#', '', '', '', 1, 0, 'F', '0', '0', 'system:notice:add', '#', 'admin', '2026-04-12 19:44:48', '', NULL, '');
INSERT INTO `sys_menu` VALUES (1037, 'е…¬е‘Ҡдҝ®ж”№', 107, 3, '#', '', '', '', 1, 0, 'F', '0', '0', 'system:notice:edit', '#', 'admin', '2026-04-12 19:44:48', '', NULL, '');
INSERT INTO `sys_menu` VALUES (1038, 'е…¬е‘ҠеҲ йҷӨ', 107, 4, '#', '', '', '', 1, 0, 'F', '0', '0', 'system:notice:remove', '#', 'admin', '2026-04-12 19:44:48', '', NULL, '');
INSERT INTO `sys_menu` VALUES (1039, 'ж“ҚдҪңжҹҘиҜў', 500, 1, '#', '', '', '', 1, 0, 'F', '0', '0', 'monitor:operlog:query', '#', 'admin', '2026-04-12 19:44:48', '', NULL, '');
INSERT INTO `sys_menu` VALUES (1040, 'ж“ҚдҪңеҲ йҷӨ', 500, 2, '#', '', '', '', 1, 0, 'F', '0', '0', 'monitor:operlog:remove', '#', 'admin', '2026-04-12 19:44:48', '', NULL, '');
INSERT INTO `sys_menu` VALUES (1041, 'ж—Ҙеҝ—еҜјеҮә', 500, 3, '#', '', '', '', 1, 0, 'F', '0', '0', 'monitor:operlog:export', '#', 'admin', '2026-04-12 19:44:48', '', NULL, '');
INSERT INTO `sys_menu` VALUES (1042, 'зҷ»еҪ•жҹҘиҜў', 501, 1, '#', '', '', '', 1, 0, 'F', '0', '0', 'monitor:logininfor:query', '#', 'admin', '2026-04-12 19:44:48', '', NULL, '');
INSERT INTO `sys_menu` VALUES (1043, 'зҷ»еҪ•еҲ йҷӨ', 501, 2, '#', '', '', '', 1, 0, 'F', '0', '0', 'monitor:logininfor:remove', '#', 'admin', '2026-04-12 19:44:48', '', NULL, '');
INSERT INTO `sys_menu` VALUES (1044, 'ж—Ҙеҝ—еҜјеҮә', 501, 3, '#', '', '', '', 1, 0, 'F', '0', '0', 'monitor:logininfor:export', '#', 'admin', '2026-04-12 19:44:48', '', NULL, '');
INSERT INTO `sys_menu` VALUES (1045, 'иҙҰжҲ·и§Јй”Ғ', 501, 4, '#', '', '', '', 1, 0, 'F', '0', '0', 'monitor:logininfor:unlock', '#', 'admin', '2026-04-12 19:44:48', '', NULL, '');
INSERT INTO `sys_menu` VALUES (1046, 'еңЁзәҝжҹҘиҜў', 109, 1, '#', '', '', '', 1, 0, 'F', '0', '0', 'monitor:online:query', '#', 'admin', '2026-04-12 19:44:48', '', NULL, '');
INSERT INTO `sys_menu` VALUES (1047, 'жү№йҮҸејәйҖҖ', 109, 2, '#', '', '', '', 1, 0, 'F', '0', '0', 'monitor:online:batchLogout', '#', 'admin', '2026-04-12 19:44:48', '', NULL, '');
INSERT INTO `sys_menu` VALUES (1048, 'еҚ•жқЎејәйҖҖ', 109, 3, '#', '', '', '', 1, 0, 'F', '0', '0', 'monitor:online:forceLogout', '#', 'admin', '2026-04-12 19:44:48', '', NULL, '');
INSERT INTO `sys_menu` VALUES (1049, 'д»»еҠЎжҹҘиҜў', 110, 1, '#', '', '', '', 1, 0, 'F', '0', '0', 'monitor:job:query', '#', 'admin', '2026-04-12 19:44:48', '', NULL, '');
INSERT INTO `sys_menu` VALUES (1050, 'д»»еҠЎж–°еўһ', 110, 2, '#', '', '', '', 1, 0, 'F', '0', '0', 'monitor:job:add', '#', 'admin', '2026-04-12 19:44:48', '', NULL, '');
INSERT INTO `sys_menu` VALUES (1051, 'д»»еҠЎдҝ®ж”№', 110, 3, '#', '', '', '', 1, 0, 'F', '0', '0', 'monitor:job:edit', '#', 'admin', '2026-04-12 19:44:48', '', NULL, '');
INSERT INTO `sys_menu` VALUES (1052, 'д»»еҠЎеҲ йҷӨ', 110, 4, '#', '', '', '', 1, 0, 'F', '0', '0', 'monitor:job:remove', '#', 'admin', '2026-04-12 19:44:48', '', NULL, '');
INSERT INTO `sys_menu` VALUES (1053, 'зҠ¶жҖҒдҝ®ж”№', 110, 5, '#', '', '', '', 1, 0, 'F', '0', '0', 'monitor:job:changeStatus', '#', 'admin', '2026-04-12 19:44:48', '', NULL, '');
INSERT INTO `sys_menu` VALUES (1054, 'д»»еҠЎеҜјеҮә', 110, 6, '#', '', '', '', 1, 0, 'F', '0', '0', 'monitor:job:export', '#', 'admin', '2026-04-12 19:44:48', '', NULL, '');
INSERT INTO `sys_menu` VALUES (1055, 'з”ҹжҲҗжҹҘиҜў', 116, 1, '#', '', '', '', 1, 0, 'F', '0', '0', 'tool:gen:query', '#', 'admin', '2026-04-12 19:44:48', '', NULL, '');
INSERT INTO `sys_menu` VALUES (1056, 'з”ҹжҲҗдҝ®ж”№', 116, 2, '#', '', '', '', 1, 0, 'F', '0', '0', 'tool:gen:edit', '#', 'admin', '2026-04-12 19:44:48', '', NULL, '');
INSERT INTO `sys_menu` VALUES (1057, 'з”ҹжҲҗеҲ йҷӨ', 116, 3, '#', '', '', '', 1, 0, 'F', '0', '0', 'tool:gen:remove', '#', 'admin', '2026-04-12 19:44:48', '', NULL, '');
INSERT INTO `sys_menu` VALUES (1058, 'еҜје…Ҙд»Јз Ғ', 116, 4, '#', '', '', '', 1, 0, 'F', '0', '0', 'tool:gen:import', '#', 'admin', '2026-04-12 19:44:48', '', NULL, '');
INSERT INTO `sys_menu` VALUES (1059, 'йў„и§Ҳд»Јз Ғ', 116, 5, '#', '', '', '', 1, 0, 'F', '0', '0', 'tool:gen:preview', '#', 'admin', '2026-04-12 19:44:48', '', NULL, '');
INSERT INTO `sys_menu` VALUES (1060, 'з”ҹжҲҗд»Јз Ғ', 116, 6, '#', '', '', '', 1, 0, 'F', '0', '0', 'tool:gen:code', '#', 'admin', '2026-04-12 19:44:48', '', NULL, '');
INSERT INTO `sys_menu` VALUES (2000, 'йҮҮиҙӯе…Ҙеә“', 3, 1, 'in', 'system/in/index', NULL, '', 1, 0, 'C', '0', '0', 'system:in:list', '#', 'admin', '2026-04-14 15:24:53', '', NULL, 'йҮҮиҙӯе…Ҙеә“иҸңеҚ•');
INSERT INTO `sys_menu` VALUES (2001, 'йҮҮиҙӯе…Ҙеә“жҹҘиҜў', 2000, 1, '#', '', NULL, '', 1, 0, 'F', '0', '0', 'system:in:query', '#', 'admin', '2026-04-14 15:24:53', '', NULL, '');
INSERT INTO `sys_menu` VALUES (2002, 'йҮҮиҙӯе…Ҙеә“ж–°еўһ', 2000, 2, '#', '', NULL, '', 1, 0, 'F', '0', '0', 'system:in:add', '#', 'admin', '2026-04-14 15:24:53', '', NULL, '');
INSERT INTO `sys_menu` VALUES (2003, 'йҮҮиҙӯе…Ҙеә“дҝ®ж”№', 2000, 3, '#', '', NULL, '', 1, 0, 'F', '0', '0', 'system:in:edit', '#', 'admin', '2026-04-14 15:24:53', '', NULL, '');
INSERT INTO `sys_menu` VALUES (2004, 'йҮҮиҙӯе…Ҙеә“еҲ йҷӨ', 2000, 4, '#', '', NULL, '', 1, 0, 'F', '0', '0', 'system:in:remove', '#', 'admin', '2026-04-14 15:24:53', '', NULL, '');
INSERT INTO `sys_menu` VALUES (2005, 'йҮҮиҙӯе…Ҙеә“еҜјеҮә', 2000, 5, '#', '', NULL, '', 1, 0, 'F', '0', '0', 'system:in:export', '#', 'admin', '2026-04-14 15:24:53', '', NULL, '');
INSERT INTO `sys_menu` VALUES (2006, 'гҖҗиҜ·еЎ«еҶҷеҠҹиғҪеҗҚз§°гҖ‘', 3, 1, 'stock', 'system/stock/index', NULL, '', 1, 0, 'C', '0', '0', 'system:stock:list', '#', 'admin', '2026-04-17 12:00:58', '', NULL, 'гҖҗиҜ·еЎ«еҶҷеҠҹиғҪеҗҚз§°гҖ‘иҸңеҚ•');
INSERT INTO `sys_menu` VALUES (2007, 'гҖҗиҜ·еЎ«еҶҷеҠҹиғҪеҗҚз§°гҖ‘жҹҘиҜў', 2006, 1, '#', '', NULL, '', 1, 0, 'F', '0', '0', 'system:stock:query', '#', 'admin', '2026-04-17 12:00:58', '', NULL, '');
INSERT INTO `sys_menu` VALUES (2008, 'гҖҗиҜ·еЎ«еҶҷеҠҹиғҪеҗҚз§°гҖ‘ж–°еўһ', 2006, 2, '#', '', NULL, '', 1, 0, 'F', '0', '0', 'system:stock:add', '#', 'admin', '2026-04-17 12:00:58', '', NULL, '');
INSERT INTO `sys_menu` VALUES (2009, 'гҖҗиҜ·еЎ«еҶҷеҠҹиғҪеҗҚз§°гҖ‘дҝ®ж”№', 2006, 3, '#', '', NULL, '', 1, 0, 'F', '0', '0', 'system:stock:edit', '#', 'admin', '2026-04-17 12:00:58', '', NULL, '');
INSERT INTO `sys_menu` VALUES (2010, 'гҖҗиҜ·еЎ«еҶҷеҠҹиғҪеҗҚз§°гҖ‘еҲ йҷӨ', 2006, 4, '#', '', NULL, '', 1, 0, 'F', '0', '0', 'system:stock:remove', '#', 'admin', '2026-04-17 12:00:58', '', NULL, '');
INSERT INTO `sys_menu` VALUES (2011, 'гҖҗиҜ·еЎ«еҶҷеҠҹиғҪеҗҚз§°гҖ‘еҜјеҮә', 2006, 5, '#', '', NULL, '', 1, 0, 'F', '0', '0', 'system:stock:export', '#', 'admin', '2026-04-17 12:00:58', '', NULL, '');
INSERT INTO `sys_menu` VALUES (2012, 'гҖҗиҜ·еЎ«еҶҷеҠҹиғҪеҗҚз§°гҖ‘', 3, 1, 'outbound', 'system/outbound/index', NULL, '', 1, 0, 'C', '0', '0', 'system:outbound:list', '#', 'admin', '2026-04-17 12:02:09', '', NULL, 'гҖҗиҜ·еЎ«еҶҷеҠҹиғҪеҗҚз§°гҖ‘иҸңеҚ•');
INSERT INTO `sys_menu` VALUES (2013, 'гҖҗиҜ·еЎ«еҶҷеҠҹиғҪеҗҚз§°гҖ‘жҹҘиҜў', 2012, 1, '#', '', NULL, '', 1, 0, 'F', '0', '0', 'system:outbound:query', '#', 'admin', '2026-04-17 12:02:09', '', NULL, '');
INSERT INTO `sys_menu` VALUES (2014, 'гҖҗиҜ·еЎ«еҶҷеҠҹиғҪеҗҚз§°гҖ‘ж–°еўһ', 2012, 2, '#', '', NULL, '', 1, 0, 'F', '0', '0', 'system:outbound:add', '#', 'admin', '2026-04-17 12:02:09', '', NULL, '');
INSERT INTO `sys_menu` VALUES (2015, 'гҖҗиҜ·еЎ«еҶҷеҠҹиғҪеҗҚз§°гҖ‘дҝ®ж”№', 2012, 3, '#', '', NULL, '', 1, 0, 'F', '0', '0', 'system:outbound:edit', '#', 'admin', '2026-04-17 12:02:09', '', NULL, '');
INSERT INTO `sys_menu` VALUES (2016, 'гҖҗиҜ·еЎ«еҶҷеҠҹиғҪеҗҚз§°гҖ‘еҲ йҷӨ', 2012, 4, '#', '', NULL, '', 1, 0, 'F', '0', '0', 'system:outbound:remove', '#', 'admin', '2026-04-17 12:02:09', '', NULL, '');
INSERT INTO `sys_menu` VALUES (2017, 'гҖҗиҜ·еЎ«еҶҷеҠҹиғҪеҗҚз§°гҖ‘еҜјеҮә', 2012, 5, '#', '', NULL, '', 1, 0, 'F', '0', '0', 'system:outbound:export', '#', 'admin', '2026-04-17 12:02:09', '', NULL, '');
INSERT INTO `sys_menu` VALUES (2018, 'иҙ§жһ¶дҝЎжҒҜ', 3, 1, 'shelf', 'system/shelf/index', NULL, '', 1, 0, 'C', '0', '0', 'system:shelf:list', '#', 'admin', '2026-05-06 18:09:14', '', NULL, 'иҙ§жһ¶дҝЎжҒҜиҸңеҚ•');
INSERT INTO `sys_menu` VALUES (2019, 'иҙ§жһ¶дҝЎжҒҜжҹҘиҜў', 2018, 1, '#', '', NULL, '', 1, 0, 'F', '0', '0', 'system:shelf:query', '#', 'admin', '2026-05-06 18:09:14', '', NULL, '');
INSERT INTO `sys_menu` VALUES (2020, 'иҙ§жһ¶дҝЎжҒҜж–°еўһ', 2018, 2, '#', '', NULL, '', 1, 0, 'F', '0', '0', 'system:shelf:add', '#', 'admin', '2026-05-06 18:09:14', '', NULL, '');
INSERT INTO `sys_menu` VALUES (2021, 'иҙ§жһ¶дҝЎжҒҜдҝ®ж”№', 2018, 3, '#', '', NULL, '', 1, 0, 'F', '0', '0', 'system:shelf:edit', '#', 'admin', '2026-05-06 18:09:14', '', NULL, '');
INSERT INTO `sys_menu` VALUES (2022, 'иҙ§жһ¶дҝЎжҒҜеҲ йҷӨ', 2018, 4, '#', '', NULL, '', 1, 0, 'F', '0', '0', 'system:shelf:remove', '#', 'admin', '2026-05-06 18:09:14', '', NULL, '');
INSERT INTO `sys_menu` VALUES (2023, 'иҙ§жһ¶дҝЎжҒҜеҜјеҮә', 2018, 5, '#', '', NULL, '', 1, 0, 'F', '0', '0', 'system:shelf:export', '#', 'admin', '2026-05-06 18:09:14', '', NULL, '');

-- ----------------------------
-- Table structure for sys_notice
-- ----------------------------
DROP TABLE IF EXISTS `sys_notice`;
CREATE TABLE `sys_notice`  (
  `notice_id` int(0) NOT NULL AUTO_INCREMENT COMMENT 'е…¬е‘ҠID',
  `notice_title` varchar(50) CHARACTER SET utf8mb4 COLLATE utf8mb4_0900_ai_ci NOT NULL COMMENT 'е…¬е‘Ҡж Үйўҳ',
  `notice_type` char(1) CHARACTER SET utf8mb4 COLLATE utf8mb4_0900_ai_ci NOT NULL COMMENT 'е…¬е‘Ҡзұ»еһӢпјҲ1йҖҡзҹҘ 2е…¬е‘Ҡпјү',
  `notice_content` longblob COMMENT 'е…¬е‘ҠеҶ…е®№',
  `status` char(1) CHARACTER SET utf8mb4 COLLATE utf8mb4_0900_ai_ci DEFAULT '0' COMMENT 'е…¬е‘ҠзҠ¶жҖҒпјҲ0жӯЈеёё 1е…ій—ӯпјү',
  `create_by` varchar(64) CHARACTER SET utf8mb4 COLLATE utf8mb4_0900_ai_ci DEFAULT '' COMMENT 'еҲӣе»әиҖ…',
  `create_time` datetime(0) DEFAULT NULL COMMENT 'еҲӣе»әж—¶й—ҙ',
  `update_by` varchar(64) CHARACTER SET utf8mb4 COLLATE utf8mb4_0900_ai_ci DEFAULT '' COMMENT 'жӣҙж–°иҖ…',
  `update_time` datetime(0) DEFAULT NULL COMMENT 'жӣҙж–°ж—¶й—ҙ',
  `remark` varchar(255) CHARACTER SET utf8mb4 COLLATE utf8mb4_0900_ai_ci DEFAULT NULL COMMENT 'еӨҮжіЁ',
  PRIMARY KEY (`notice_id`) USING BTREE
) ENGINE = InnoDB AUTO_INCREMENT = 10 CHARACTER SET = utf8mb4 COLLATE = utf8mb4_0900_ai_ci COMMENT = 'йҖҡзҹҘе…¬е‘ҠиЎЁ' ROW_FORMAT = Dynamic;

-- ----------------------------
-- Records of sys_notice
-- ----------------------------
INSERT INTO `sys_notice` VALUES (1, 'жё©йҰЁжҸҗйҶ’пјҡ2018-07-01 иӢҘдҫқж–°зүҲжң¬еҸ‘еёғе•Ұ', '2', 0xE696B0E78988E69CACE58685E5AEB9, '0', 'admin', '2026-04-12 19:44:49', '', NULL, 'з®ЎзҗҶе‘ҳ');
INSERT INTO `sys_notice` VALUES (2, 'з»ҙжҠӨйҖҡзҹҘпјҡ2018-07-01 иӢҘдҫқзі»з»ҹеҮҢжҷЁз»ҙжҠӨ', '1', 0xE7BBB4E68AA4E58685E5AEB9, '0', 'admin', '2026-04-12 19:44:49', '', NULL, 'з®ЎзҗҶе‘ҳ');
INSERT INTO `sys_notice` VALUES (3, 'иӢҘдҫқејҖжәҗжЎҶжһ¶д»Ӣз»Қ', '1', 0x3C703E3C7370616E207374796C653D22636F6C6F723A20726762283233302C20302C2030293B223EE9A1B9E79BAEE4BB8BE7BB8D3C2F7370616E3E3C2F703E3C703E3C666F6E7420636F6C6F723D2223333333333333223E52756F5969E5BC80E6BA90E9A1B9E79BAEE698AFE4B8BAE4BC81E4B89AE794A8E688B7E5AE9AE588B6E79A84E5908EE58FB0E8849AE6898BE69EB6E6A186E69EB6EFBC8CE4B8BAE4BC81E4B89AE68993E980A0E79A84E4B880E7AB99E5BC8FE8A7A3E586B3E696B9E6A188EFBC8CE9998DE4BD8EE4BC81E4B89AE5BC80E58F91E68890E69CACEFBC8CE68F90E58D87E5BC80E58F91E69588E78E87E38082E4B8BBE8A681E58C85E68BACE794A8E688B7E7AEA1E79086E38081E8A792E889B2E7AEA1E79086E38081E983A8E997A8E7AEA1E79086E38081E88F9CE58D95E7AEA1E79086E38081E58F82E695B0E7AEA1E79086E38081E5AD97E585B8E7AEA1E79086E380813C2F666F6E743E3C7370616E207374796C653D22636F6C6F723A207267622835312C2035312C203531293B223EE5B297E4BD8DE7AEA1E790863C2F7370616E3E3C7370616E207374796C653D22636F6C6F723A207267622835312C2035312C203531293B223EE38081E5AE9AE697B6E4BBBBE58AA13C2F7370616E3E3C7370616E207374796C653D22636F6C6F723A207267622835312C2035312C203531293B223EE380813C2F7370616E3E3C7370616E207374796C653D22636F6C6F723A207267622835312C2035312C203531293B223EE69C8DE58AA1E79B91E68EA7E38081E799BBE5BD95E697A5E5BF97E38081E6938DE4BD9CE697A5E5BF97E38081E4BBA3E7A081E7949FE68890E7AD89E58A9FE883BDE38082E585B6E4B8ADEFBC8CE8BF98E694AFE68C81E5A49AE695B0E68DAEE6BA90E38081E695B0E68DAEE69D83E99990E38081E59BBDE99985E58C96E380815265646973E7BC93E5AD98E38081446F636B6572E983A8E7BDB2E38081E6BB91E58AA8E9AA8CE8AF81E7A081E38081E7ACACE4B889E696B9E8AEA4E8AF81E799BBE5BD95E38081E58886E5B883E5BC8FE4BA8BE58AA1E380813C2F7370616E3E3C666F6E7420636F6C6F723D2223333333333333223EE58886E5B883E5BC8FE69687E4BBB6E5AD98E582A83C2F666F6E743E3C7370616E207374796C653D22636F6C6F723A207267622835312C2035312C203531293B223EE38081E58886E5BA93E58886E8A1A8E5A484E79086E7AD89E68A80E69CAFE789B9E782B9E380823C2F7370616E3E3C2F703E3C703E3C696D67207372633D2268747470733A2F2F666F727564612E67697465652E636F6D2F696D616765732F313737333933313834383334323433393033322F61346432323331335F313831353039352E706E6722207374796C653D2277696474683A20363470783B223E3C62723E3C2F703E3C703E3C7370616E207374796C653D22636F6C6F723A20726762283233302C20302C2030293B223EE5AE98E7BD91E58F8AE6BC94E7A4BA3C2F7370616E3E3C2F703E3C703E3C7370616E207374796C653D22636F6C6F723A207267622835312C2035312C203531293B223EE88BA5E4BE9DE5AE98E7BD91E59CB0E59D80EFBC9A266E6273703B3C2F7370616E3E3C6120687265663D22687474703A2F2F72756F79692E76697022207461726765743D225F626C616E6B223E687474703A2F2F72756F79692E7669703C2F613E3C6120687265663D22687474703A2F2F72756F79692E76697022207461726765743D225F626C616E6B223E3C2F613E3C2F703E3C703E3C7370616E207374796C653D22636F6C6F723A207267622835312C2035312C203531293B223EE88BA5E4BE9DE69687E6A1A3E59CB0E59D80EFBC9A266E6273703B3C2F7370616E3E3C6120687265663D22687474703A2F2F646F632E72756F79692E76697022207461726765743D225F626C616E6B223E687474703A2F2F646F632E72756F79692E7669703C2F613E3C62723E3C2F703E3C703E3C7370616E207374796C653D22636F6C6F723A207267622835312C2035312C203531293B223EE6BC94E7A4BAE59CB0E59D80E38090E4B88DE58886E7A6BBE78988E38091EFBC9A266E6273703B3C2F7370616E3E3C6120687265663D22687474703A2F2F64656D6F2E72756F79692E76697022207461726765743D225F626C616E6B223E687474703A2F2F64656D6F2E72756F79692E7669703C2F613E3C2F703E3C703E3C7370616E207374796C653D22636F6C6F723A207267622835312C2035312C203531293B223EE6BC94E7A4BAE59CB0E59D80E38090E58886E7A6BBE78988E69CACE38091EFBC9A266E6273703B3C2F7370616E3E3C6120687265663D22687474703A2F2F7675652E72756F79692E76697022207461726765743D225F626C616E6B223E687474703A2F2F7675652E72756F79692E7669703C2F613E3C2F703E3C703E3C7370616E207374796C653D22636F6C6F723A207267622835312C2035312C203531293B223EE6BC94E7A4BAE59CB0E59D80E38090E5BEAEE69C8DE58AA1E78988E38091EFBC9A266E6273703B3C2F7370616E3E3C6120687265663D22687474703A2F2F636C6F75642E72756F79692E76697022207461726765743D225F626C616E6B223E687474703A2F2F636C6F75642E72756F79692E7669703C2F613E3C2F703E3C703E3C7370616E207374796C653D22636F6C6F723A207267622835312C2035312C203531293B223EE6BC94E7A4BAE59CB0E59D80E38090E7A7BBE58AA8E7ABAFE78988E38091EFBC9A266E6273703B3C2F7370616E3E3C6120687265663D22687474703A2F2F68352E72756F79692E76697022207461726765743D225F626C616E6B223E687474703A2F2F68352E72756F79692E7669703C2F613E3C2F703E3C703E3C6272207374796C653D22636F6C6F723A207267622834382C2034392C203531293B20666F6E742D66616D696C793A202671756F743B48656C766574696361204E6575652671756F743B2C2048656C7665746963612C20417269616C2C2073616E732D73657269663B20666F6E742D73697A653A20313270783B223E3C2F703E, '0', 'admin', '2026-04-12 19:44:49', '', NULL, 'з®ЎзҗҶе‘ҳ');

-- ----------------------------
-- Table structure for sys_notice_read
-- ----------------------------
DROP TABLE IF EXISTS `sys_notice_read`;
CREATE TABLE `sys_notice_read`  (
  `read_id` bigint(0) NOT NULL AUTO_INCREMENT COMMENT 'е·ІиҜ»дё»й”®',
  `notice_id` int(0) NOT NULL COMMENT 'е…¬е‘Ҡid',
  `user_id` bigint(0) NOT NULL COMMENT 'з”ЁжҲ·id',
  `read_time` datetime(0) NOT NULL COMMENT 'йҳ…иҜ»ж—¶й—ҙ',
  PRIMARY KEY (`read_id`) USING BTREE,
  UNIQUE INDEX `uk_user_notice`(`user_id`, `notice_id`) USING BTREE COMMENT 'еҗҢдёҖз”ЁжҲ·еҗҢдёҖе…¬е‘ҠеҸӘи®°еҪ•дёҖж¬Ў'
) ENGINE = InnoDB AUTO_INCREMENT = 1 CHARACTER SET = utf8mb4 COLLATE = utf8mb4_0900_ai_ci COMMENT = 'е…¬е‘Ҡе·ІиҜ»и®°еҪ•иЎЁ' ROW_FORMAT = Dynamic;

-- ----------------------------
-- Table structure for sys_oper_log
-- ----------------------------
DROP TABLE IF EXISTS `sys_oper_log`;
CREATE TABLE `sys_oper_log`  (
  `oper_id` bigint(0) NOT NULL AUTO_INCREMENT COMMENT 'ж—Ҙеҝ—дё»й”®',
  `title` varchar(50) CHARACTER SET utf8mb4 COLLATE utf8mb4_0900_ai_ci DEFAULT '' COMMENT 'жЁЎеқ—ж Үйўҳ',
  `business_type` int(0) DEFAULT 0 COMMENT 'дёҡеҠЎзұ»еһӢпјҲ0е…¶е®ғ 1ж–°еўһ 2дҝ®ж”№ 3еҲ йҷӨпјү',
  `method` varchar(200) CHARACTER SET utf8mb4 COLLATE utf8mb4_0900_ai_ci DEFAULT '' COMMENT 'ж–№жі•еҗҚз§°',
  `request_method` varchar(10) CHARACTER SET utf8mb4 COLLATE utf8mb4_0900_ai_ci DEFAULT '' COMMENT 'иҜ·жұӮж–№ејҸ',
  `operator_type` int(0) DEFAULT 0 COMMENT 'ж“ҚдҪңзұ»еҲ«пјҲ0е…¶е®ғ 1еҗҺеҸ°з”ЁжҲ· 2жүӢжңәз«Ҝз”ЁжҲ·пјү',
  `oper_name` varchar(50) CHARACTER SET utf8mb4 COLLATE utf8mb4_0900_ai_ci DEFAULT '' COMMENT 'ж“ҚдҪңдәәе‘ҳ',
  `dept_name` varchar(50) CHARACTER SET utf8mb4 COLLATE utf8mb4_0900_ai_ci DEFAULT '' COMMENT 'йғЁй—ЁеҗҚз§°',
  `oper_url` varchar(255) CHARACTER SET utf8mb4 COLLATE utf8mb4_0900_ai_ci DEFAULT '' COMMENT 'иҜ·жұӮURL',
  `oper_ip` varchar(128) CHARACTER SET utf8mb4 COLLATE utf8mb4_0900_ai_ci DEFAULT '' COMMENT 'дё»жңәең°еқҖ',
  `oper_location` varchar(255) CHARACTER SET utf8mb4 COLLATE utf8mb4_0900_ai_ci DEFAULT '' COMMENT 'ж“ҚдҪңең°зӮ№',
  `oper_param` varchar(2000) CHARACTER SET utf8mb4 COLLATE utf8mb4_0900_ai_ci DEFAULT '' COMMENT 'иҜ·жұӮеҸӮж•°',
  `json_result` varchar(2000) CHARACTER SET utf8mb4 COLLATE utf8mb4_0900_ai_ci DEFAULT '' COMMENT 'иҝ”еӣһеҸӮж•°',
  `status` int(0) DEFAULT 0 COMMENT 'ж“ҚдҪңзҠ¶жҖҒпјҲ0жӯЈеёё 1ејӮеёёпјү',
  `error_msg` varchar(2000) CHARACTER SET utf8mb4 COLLATE utf8mb4_0900_ai_ci DEFAULT '' COMMENT 'й”ҷиҜҜж¶ҲжҒҜ',
  `oper_time` datetime(0) DEFAULT NULL COMMENT 'ж“ҚдҪңж—¶й—ҙ',
  `cost_time` bigint(0) DEFAULT 0 COMMENT 'ж¶ҲиҖ—ж—¶й—ҙ',
  PRIMARY KEY (`oper_id`) USING BTREE,
  INDEX `idx_sys_oper_log_bt`(`business_type`) USING BTREE,
  INDEX `idx_sys_oper_log_s`(`status`) USING BTREE,
  INDEX `idx_sys_oper_log_ot`(`oper_time`) USING BTREE
) ENGINE = InnoDB AUTO_INCREMENT = 268 CHARACTER SET = utf8mb4 COLLATE = utf8mb4_0900_ai_ci COMMENT = 'ж“ҚдҪңж—Ҙеҝ—и®°еҪ•' ROW_FORMAT = Dynamic;

-- ----------------------------
-- Records of sys_oper_log
-- ----------------------------
INSERT INTO `sys_oper_log` VALUES (100, 'з”ЁжҲ·з®ЎзҗҶ', 1, 'com.ruoyi.web.controller.system.SysUserController.add()', 'POST', 1, 'admin', NULL, '/system/user', '127.0.0.1', 'еҶ…зҪ‘IP', '{\"admin\":false,\"createBy\":\"admin\",\"deptId\":100,\"email\":\"\",\"nickName\":\"еј дёү\",\"params\":{},\"phonenumber\":\"\",\"roleIds\":[2],\"status\":\"0\",\"userId\":100,\"userName\":\"еј дёү\"} ', '{\"msg\":\"ж“ҚдҪңжҲҗеҠҹ\",\"code\":200}', 0, NULL, '2026-04-13 16:16:58', 98);
INSERT INTO `sys_oper_log` VALUES (101, 'з”ЁжҲ·з®ЎзҗҶ', 3, 'com.ruoyi.web.controller.system.SysUserController.remove()', 'DELETE', 1, 'admin', NULL, '/system/user/100', '127.0.0.1', 'еҶ…зҪ‘IP', '[100] ', '{\"msg\":\"ж“ҚдҪңжҲҗеҠҹ\",\"code\":200}', 0, NULL, '2026-04-13 16:17:02', 1);
INSERT INTO `sys_oper_log` VALUES (102, 'з”ЁжҲ·з®ЎзҗҶ', 1, 'com.ruoyi.web.controller.system.SysUserController.add()', 'POST', 1, 'admin', NULL, '/system/user', '127.0.0.1', 'еҶ…зҪ‘IP', '{\"admin\":false,\"createBy\":\"admin\",\"deptId\":100,\"email\":\"\",\"nickName\":\"еј дёү\",\"params\":{},\"phonenumber\":\"\",\"roleIds\":[2],\"status\":\"0\",\"userId\":101,\"userName\":\"еј дёү\"} ', '{\"msg\":\"ж“ҚдҪңжҲҗеҠҹ\",\"code\":200}', 0, NULL, '2026-04-13 16:17:15', 82);
INSERT INTO `sys_oper_log` VALUES (103, 'з”ЁжҲ·з®ЎзҗҶ', 1, 'com.ruoyi.web.controller.system.SysUserController.add()', 'POST', 1, 'admin', NULL, '/system/user', '127.0.0.1', 'еҶ…зҪ‘IP', '{\"admin\":false,\"createBy\":\"admin\",\"deptId\":100,\"email\":\"\",\"nickName\":\"еј дёүдёҖ\",\"params\":{},\"phonenumber\":\"\",\"roleIds\":[2],\"status\":\"0\",\"userId\":102,\"userName\":\"еј дёүдёҖ\"} ', '{\"msg\":\"ж“ҚдҪңжҲҗеҠҹ\",\"code\":200}', 0, NULL, '2026-04-13 16:17:41', 83);
INSERT INTO `sys_oper_log` VALUES (104, 'з”ЁжҲ·з®ЎзҗҶ', 1, 'com.ruoyi.web.controller.system.SysUserController.add()', 'POST', 1, 'admin', NULL, '/system/user', '127.0.0.1', 'еҶ…зҪ‘IP', '{\"admin\":false,\"createBy\":\"admin\",\"deptId\":100,\"email\":\"\",\"nickName\":\"жқҺеӣӣ\",\"params\":{},\"phonenumber\":\"17732527577\",\"roleIds\":[2],\"status\":\"0\",\"userId\":103,\"userName\":\"жқҺеӣӣ\"} ', '{\"msg\":\"ж“ҚдҪңжҲҗеҠҹ\",\"code\":200}', 0, NULL, '2026-04-13 16:20:03', 83);
INSERT INTO `sys_oper_log` VALUES (105, 'з”ЁжҲ·з®ЎзҗҶ', 1, 'com.ruoyi.web.controller.system.SysUserController.add()', 'POST', 1, 'admin', NULL, '/system/user', '127.0.0.1', 'еҶ…зҪ‘IP', '{\"admin\":false,\"createBy\":\"admin\",\"deptId\":100,\"email\":\"\",\"nickName\":\"дёҪдёҪ\",\"params\":{},\"phonenumber\":\"110\",\"roleIds\":[2],\"status\":\"0\",\"userId\":104,\"userName\":\"дёҪдёҪ\"} ', '{\"msg\":\"ж“ҚдҪңжҲҗеҠҹ\",\"code\":200}', 0, NULL, '2026-04-13 16:22:29', 77);
INSERT INTO `sys_oper_log` VALUES (106, 'з”ЁжҲ·з®ЎзҗҶ', 2, 'com.ruoyi.web.controller.system.SysUserController.edit()', 'PUT', 1, 'admin', NULL, '/system/user', '127.0.0.1', 'еҶ…зҪ‘IP', '{\"admin\":false,\"email\":\"\",\"nickName\":\"дёҪдёҪ\",\"params\":{},\"phonenumber\":\"12345664566\",\"status\":\"0\",\"updateBy\":\"admin\",\"userId\":104,\"userName\":\"дёҪдёҪ\"} ', '{\"msg\":\"ж“ҚдҪңжҲҗеҠҹ\",\"code\":200}', 0, NULL, '2026-04-13 16:23:46', 26);
INSERT INTO `sys_oper_log` VALUES (107, 'з”ЁжҲ·з®ЎзҗҶ', 3, 'com.ruoyi.web.controller.system.SysUserController.remove()', 'DELETE', 1, 'admin', NULL, '/system/user/101', '127.0.0.1', 'еҶ…зҪ‘IP', '[101] ', '{\"msg\":\"ж“ҚдҪңжҲҗеҠҹ\",\"code\":200}', 0, NULL, '2026-04-13 16:27:25', 20);
INSERT INTO `sys_oper_log` VALUES (108, 'з”ЁжҲ·з®ЎзҗҶ', 3, 'com.ruoyi.web.controller.system.SysUserController.remove()', 'DELETE', 1, 'admin', NULL, '/system/user/102', '127.0.0.1', 'еҶ…зҪ‘IP', '[102] ', '{\"msg\":\"ж“ҚдҪңжҲҗеҠҹ\",\"code\":200}', 0, NULL, '2026-04-13 16:27:26', 17);
INSERT INTO `sys_oper_log` VALUES (109, 'з”ЁжҲ·з®ЎзҗҶ', 3, 'com.ruoyi.web.controller.system.SysUserController.remove()', 'DELETE', 1, 'admin', NULL, '/system/user/103', '127.0.0.1', 'еҶ…зҪ‘IP', '[103] ', '{\"msg\":\"ж“ҚдҪңжҲҗеҠҹ\",\"code\":200}', 0, NULL, '2026-04-13 16:27:28', 23);
INSERT INTO `sys_oper_log` VALUES (110, 'з”ЁжҲ·з®ЎзҗҶ', 3, 'com.ruoyi.web.controller.system.SysUserController.remove()', 'DELETE', 1, 'admin', NULL, '/system/user/104', '127.0.0.1', 'еҶ…зҪ‘IP', '[104] ', '{\"msg\":\"ж“ҚдҪңжҲҗеҠҹ\",\"code\":200}', 0, NULL, '2026-04-13 16:27:29', 17);
INSERT INTO `sys_oper_log` VALUES (111, 'з”ЁжҲ·з®ЎзҗҶ', 1, 'com.ruoyi.web.controller.system.SysUserController.add()', 'POST', 1, 'admin', NULL, '/system/user', '127.0.0.1', 'еҶ…зҪ‘IP', '{\"admin\":false,\"createBy\":\"admin\",\"deptId\":100,\"email\":\"\",\"nickName\":\"йҮ‘еҫ®\",\"params\":{},\"phonenumber\":\"17732527577\",\"roleIds\":[2],\"status\":\"0\",\"userId\":105,\"userName\":\"йҮ‘еҫ®\"} ', '{\"msg\":\"ж“ҚдҪңжҲҗеҠҹ\",\"code\":200}', 0, NULL, '2026-04-13 17:07:53', 78);
INSERT INTO `sys_oper_log` VALUES (112, 'з”ЁжҲ·з®ЎзҗҶ', 1, 'com.ruoyi.web.controller.system.SysUserController.add()', 'POST', 1, 'admin', NULL, '/system/user', '127.0.0.1', 'еҶ…зҪ‘IP', '{\"admin\":false,\"deptId\":100,\"email\":\"\",\"nickName\":\"йҮ‘еҫ®\",\"params\":{},\"phonenumber\":\"17732527577\",\"roleIds\":[2],\"status\":\"0\",\"userName\":\"йҮ‘еҫ®\"} ', '{\"msg\":\"ж–°еўһз”ЁжҲ·\'йҮ‘еҫ®\'еӨұиҙҘпјҢзҷ»еҪ•иҙҰеҸ·е·ІеӯҳеңЁ\",\"code\":500}', 0, NULL, '2026-04-13 17:08:09', 4);
INSERT INTO `sys_oper_log` VALUES (113, 'з”ЁжҲ·з®ЎзҗҶ', 1, 'com.ruoyi.web.controller.system.SysUserController.add()', 'POST', 1, 'admin', NULL, '/system/user', '127.0.0.1', 'еҶ…зҪ‘IP', '{\"admin\":false,\"deptId\":100,\"email\":\"\",\"nickName\":\"йҮ‘еҫ®\",\"params\":{},\"phonenumber\":\"17732527578\",\"roleIds\":[2],\"status\":\"0\",\"userName\":\"йҮ‘еҫ®\"} ', '{\"msg\":\"ж–°еўһз”ЁжҲ·\'йҮ‘еҫ®\'еӨұиҙҘпјҢзҷ»еҪ•иҙҰеҸ·е·ІеӯҳеңЁ\",\"code\":500}', 0, NULL, '2026-04-13 17:08:16', 0);
INSERT INTO `sys_oper_log` VALUES (114, 'з”ЁжҲ·з®ЎзҗҶ', 1, 'com.ruoyi.web.controller.system.SysUserController.add()', 'POST', 1, 'admin', NULL, '/system/user', '127.0.0.1', 'еҶ…зҪ‘IP', '{\"admin\":false,\"createBy\":\"admin\",\"deptId\":100,\"email\":\"\",\"nickName\":\"жқҺеӣӣ\",\"params\":{},\"phonenumber\":\"17732527578\",\"roleIds\":[2],\"status\":\"0\",\"userId\":106,\"userName\":\"жқҺеӣӣ\"} ', '{\"msg\":\"ж“ҚдҪңжҲҗеҠҹ\",\"code\":200}', 0, NULL, '2026-04-13 17:08:22', 74);
INSERT INTO `sys_oper_log` VALUES (115, 'з”ЁжҲ·з®ЎзҗҶ', 1, 'com.ruoyi.web.controller.system.SysUserController.add()', 'POST', 1, 'admin', NULL, '/system/user', '127.0.0.1', 'еҶ…зҪ‘IP', '{\"admin\":false,\"createBy\":\"admin\",\"deptId\":100,\"email\":\"\",\"nickName\":\"еј дёү\",\"params\":{},\"phonenumber\":\"17732527579\",\"roleIds\":[2],\"status\":\"0\",\"userId\":107,\"userName\":\"еј дёү\"} ', '{\"msg\":\"ж“ҚдҪңжҲҗеҠҹ\",\"code\":200}', 0, NULL, '2026-04-13 17:16:33', 80);
INSERT INTO `sys_oper_log` VALUES (116, 'з”ЁжҲ·з®ЎзҗҶ', 1, 'com.ruoyi.web.controller.system.SysUserController.add()', 'POST', 1, 'admin', NULL, '/system/user', '127.0.0.1', 'еҶ…зҪ‘IP', '{\"admin\":false,\"deptId\":100,\"email\":\"\",\"nickName\":\"йҮ‘еҫ®\",\"params\":{},\"phonenumber\":\"17732527577\",\"roleIds\":[2],\"status\":\"0\",\"userName\":\"йҮ‘еҫ®\"} ', '{\"msg\":\"ж–°еўһз”ЁжҲ·\'йҮ‘еҫ®\'еӨұиҙҘпјҢзҷ»еҪ•иҙҰеҸ·е·ІеӯҳеңЁ\",\"code\":500}', 0, NULL, '2026-04-13 17:35:03', 2);
INSERT INTO `sys_oper_log` VALUES (117, 'з”ЁжҲ·з®ЎзҗҶ', 3, 'com.ruoyi.web.controller.system.SysUserController.remove()', 'DELETE', 1, 'admin', NULL, '/system/user/105', '127.0.0.1', 'еҶ…зҪ‘IP', '[105] ', '{\"msg\":\"ж“ҚдҪңжҲҗеҠҹ\",\"code\":200}', 0, NULL, '2026-04-13 19:19:11', 12);
INSERT INTO `sys_oper_log` VALUES (118, 'з”ЁжҲ·з®ЎзҗҶ', 3, 'com.ruoyi.web.controller.system.SysUserController.remove()', 'DELETE', 1, 'admin', NULL, '/system/user/106', '127.0.0.1', 'еҶ…зҪ‘IP', '[106] ', '{\"msg\":\"ж“ҚдҪңжҲҗеҠҹ\",\"code\":200}', 0, NULL, '2026-04-13 19:19:37', 21);
INSERT INTO `sys_oper_log` VALUES (119, 'з”ЁжҲ·з®ЎзҗҶ', 1, 'com.ruoyi.web.controller.system.SysUserController.add()', 'POST', 1, 'admin', NULL, '/system/user', '127.0.0.1', 'еҶ…зҪ‘IP', '{\"admin\":false,\"createBy\":\"admin\",\"email\":\"\",\"nickName\":\"йҮ‘еҫ®\",\"params\":{},\"phonenumber\":\"15533998899\",\"status\":\"0\",\"userId\":108,\"userName\":\"йҮ‘еҫ®\"} ', '{\"msg\":\"ж“ҚдҪңжҲҗеҠҹ\",\"code\":200}', 0, NULL, '2026-04-13 19:26:34', 79);
INSERT INTO `sys_oper_log` VALUES (120, 'з”ЁжҲ·з®ЎзҗҶ', 1, 'com.ruoyi.web.controller.system.SysUserController.add()', 'POST', 1, 'admin', NULL, '/system/user', '127.0.0.1', 'еҶ…зҪ‘IP', '{\"admin\":false,\"createBy\":\"admin\",\"email\":\"\",\"nickName\":\"еј дёүдёҖ\",\"params\":{},\"phonenumber\":\"15133915833\",\"status\":\"0\",\"userId\":109,\"userName\":\"еј дёүдёҖ\"} ', '{\"msg\":\"ж“ҚдҪңжҲҗеҠҹ\",\"code\":200}', 0, NULL, '2026-04-13 19:39:32', 61);
INSERT INTO `sys_oper_log` VALUES (121, 'з”ЁжҲ·з®ЎзҗҶ', 1, 'com.ruoyi.web.controller.system.SysUserController.add()', 'POST', 1, '110', NULL, '/system/user', '127.0.0.1', 'еҶ…зҪ‘IP', '{\"admin\":false,\"createBy\":\"110\",\"email\":\"\",\"nickName\":\"йҮ‘еҫ®\",\"params\":{},\"phonenumber\":\"15133985899\",\"status\":\"0\",\"userId\":110,\"userName\":\"15133985899\"} ', '{\"msg\":\"ж“ҚдҪңжҲҗеҠҹ\",\"code\":200}', 0, NULL, '2026-04-13 20:02:10', 81);
INSERT INTO `sys_oper_log` VALUES (122, 'з”ЁжҲ·з®ЎзҗҶ', 1, 'com.ruoyi.web.controller.system.SysUserController.add()', 'POST', 1, '110', NULL, '/system/user', '127.0.0.1', 'еҶ…зҪ‘IP', '{\"admin\":false,\"createBy\":\"110\",\"email\":\"\",\"nickName\":\"з”ЁжҲ·\",\"params\":{},\"phonenumber\":\"15166998899\",\"status\":\"0\",\"userId\":111,\"userName\":\"15166998899\"} ', '{\"msg\":\"ж“ҚдҪңжҲҗеҠҹ\",\"code\":200}', 0, NULL, '2026-04-13 20:12:25', 79);
INSERT INTO `sys_oper_log` VALUES (123, 'з”ЁжҲ·з®ЎзҗҶ', 1, 'com.ruoyi.web.controller.system.SysUserController.add()', 'POST', 1, '110', NULL, '/system/user', '127.0.0.1', 'еҶ…зҪ‘IP', '{\"admin\":false,\"createBy\":\"110\",\"email\":\"\",\"nickName\":\"йҮ‘еҫ®\",\"params\":{},\"phonenumber\":\"17732527577\",\"status\":\"0\",\"userId\":112,\"userName\":\"17732527577\"} ', '{\"msg\":\"ж“ҚдҪңжҲҗеҠҹ\",\"code\":200}', 0, NULL, '2026-04-13 20:21:49', 82);
INSERT INTO `sys_oper_log` VALUES (124, 'д»Јз Ғз”ҹжҲҗ', 6, 'com.ruoyi.generator.controller.GenController.importTableSave()', 'POST', 1, '110', NULL, '/tool/gen/importTable', '127.0.0.1', 'еҶ…зҪ‘IP', '{\"tables\":\"purchase_in\",\"tplWebType\":\"element-ui\"}', '{\"msg\":\"ж“ҚдҪңжҲҗеҠҹ\",\"code\":200}', 0, NULL, '2026-04-14 15:19:08', 79);
INSERT INTO `sys_oper_log` VALUES (125, 'д»Јз Ғз”ҹжҲҗ', 8, 'com.ruoyi.generator.controller.GenController.batchGenCode()', 'GET', 1, '110', NULL, '/tool/gen/batchGenCode', '127.0.0.1', 'еҶ…зҪ‘IP', '{\"tables\":\"purchase_in\"}', NULL, 0, NULL, '2026-04-14 15:19:25', 151);
INSERT INTO `sys_oper_log` VALUES (126, 'йҮҮиҙӯе…Ҙеә“', 1, 'com.ruoyi.system.controller.PurchaseInController.add()', 'POST', 1, '110', NULL, '/system/in', '127.0.0.1', 'еҶ…зҪ‘IP', '{\"createTime\":\"2026-04-14 16:03:27\",\"id\":1,\"params\":{},\"productName\":\"ж°ҙ\",\"quantity\":3,\"remark\":\"\",\"specification\":\"з®ұ\",\"storageDate\":\"2026-04-14\",\"supplier\":\"жқҺеӣӣ\",\"totalPrice\":0,\"unit\":\"з®ұ\",\"unitPrice\":0} ', '{\"msg\":\"ж“ҚдҪңжҲҗеҠҹ\",\"code\":200}', 0, NULL, '2026-04-14 16:03:27', 18);
INSERT INTO `sys_oper_log` VALUES (127, 'йҮҮиҙӯе…Ҙеә“', 3, 'com.ruoyi.system.controller.PurchaseInController.remove()', 'DELETE', 1, '110', NULL, '/system/in/1', '127.0.0.1', 'еҶ…зҪ‘IP', '[1] ', '{\"msg\":\"ж“ҚдҪңжҲҗеҠҹ\",\"code\":200}', 0, NULL, '2026-04-14 16:03:37', 12);
INSERT INTO `sys_oper_log` VALUES (128, 'йҮҮиҙӯе…Ҙеә“', 1, 'com.ruoyi.system.controller.PurchaseInController.add()', 'POST', 1, '110', NULL, '/system/in', '127.0.0.1', 'еҶ…зҪ‘IP', '{\"createTime\":\"2026-04-14 19:18:19\",\"id\":2,\"params\":{},\"productName\":\"зҹҝжіүж°ҙ\",\"quantity\":2,\"remark\":\"\",\"specification\":\"\",\"storageDate\":\"2026-04-14\",\"supplier\":\"еј дёү\",\"totalPrice\":0,\"unit\":\"дёӘ\",\"unitPrice\":0} ', '{\"msg\":\"ж“ҚдҪңжҲҗеҠҹ\",\"code\":200}', 0, NULL, '2026-04-14 19:18:19', 31);
INSERT INTO `sys_oper_log` VALUES (129, 'йҮҮиҙӯе…Ҙеә“', 1, 'com.ruoyi.system.controller.PurchaseInController.add()', 'POST', 1, '110', NULL, '/system/in', '127.0.0.1', 'еҶ…зҪ‘IP', '{\"createTime\":\"2026-04-14 19:20:50\",\"id\":3,\"params\":{},\"productName\":\"ж–№дҫҝйқў\",\"quantity\":1,\"remark\":\"\",\"specification\":\"\",\"storageDate\":\"2026-04-14\",\"supplier\":\"жқҺеӣӣ\",\"totalPrice\":0,\"unit\":\"дёӘ\",\"unitPrice\":0} ', '{\"msg\":\"ж“ҚдҪңжҲҗеҠҹ\",\"code\":200}', 0, NULL, '2026-04-14 19:20:50', 11);
INSERT INTO `sys_oper_log` VALUES (130, 'йҮҮиҙӯе…Ҙеә“', 1, 'com.ruoyi.system.controller.PurchaseInController.add()', 'POST', 1, '110', NULL, '/system/in', '127.0.0.1', 'еҶ…зҪ‘IP', '{\"createTime\":\"2026-04-14 19:21:50\",\"id\":4,\"params\":{},\"productName\":\"ж°ҙ\",\"quantity\":1,\"remark\":\"\",\"specification\":\"\",\"storageDate\":\"2026-04-14\",\"supplier\":\"жқҺеӣӣ\",\"totalPrice\":0,\"unit\":\"з®ұ\",\"unitPrice\":0} ', '{\"msg\":\"ж“ҚдҪңжҲҗеҠҹ\",\"code\":200}', 0, NULL, '2026-04-14 19:21:50', 12);
INSERT INTO `sys_oper_log` VALUES (131, 'йҮҮиҙӯе…Ҙеә“', 1, 'com.ruoyi.system.controller.PurchaseInController.add()', 'POST', 1, '110', NULL, '/system/in', '127.0.0.1', 'еҶ…зҪ‘IP', '{\"createTime\":\"2026-04-14 20:07:02\",\"id\":5,\"params\":{},\"productName\":\"йҘје№І\",\"quantity\":1,\"remark\":\"\",\"specification\":\"\",\"storageDate\":\"2026-04-14\",\"supplier\":\"жқҺеӣӣ\",\"totalPrice\":0,\"unit\":\"з®ұ\",\"unitPrice\":0} ', '{\"msg\":\"ж“ҚдҪңжҲҗеҠҹ\",\"code\":200}', 0, NULL, '2026-04-14 20:07:02', 15);
INSERT INTO `sys_oper_log` VALUES (132, 'йҮҮиҙӯе…Ҙеә“', 3, 'com.ruoyi.system.controller.PurchaseInController.remove()', 'DELETE', 1, '110', NULL, '/system/in/2', '127.0.0.1', 'еҶ…зҪ‘IP', '[2] ', '{\"msg\":\"ж“ҚдҪңжҲҗеҠҹ\",\"code\":200}', 0, NULL, '2026-04-14 20:12:06', 17);
INSERT INTO `sys_oper_log` VALUES (133, 'йҮҮиҙӯе…Ҙеә“', 3, 'com.ruoyi.system.controller.PurchaseInController.remove()', 'DELETE', 1, '110', NULL, '/system/in/3', '127.0.0.1', 'еҶ…зҪ‘IP', '[3] ', '{\"msg\":\"ж“ҚдҪңжҲҗеҠҹ\",\"code\":200}', 0, NULL, '2026-04-14 20:12:14', 11);
INSERT INTO `sys_oper_log` VALUES (134, 'йҮҮиҙӯе…Ҙеә“', 1, 'com.ruoyi.system.controller.PurchaseInController.add()', 'POST', 1, '110', NULL, '/system/in', '127.0.0.1', 'еҶ…зҪ‘IP', '{\"createTime\":\"2026-04-14 20:12:54\",\"id\":6,\"params\":{},\"productName\":\"е°ҸзҶҠйҘје№І\",\"quantity\":20,\"remark\":\"\",\"specification\":\"\",\"storageDate\":\"2026-04-14\",\"supplier\":\"жқҺеӣӣ\",\"totalPrice\":0,\"unit\":\"еҢ…\",\"unitPrice\":0} ', '{\"msg\":\"ж“ҚдҪңжҲҗеҠҹ\",\"code\":200}', 0, NULL, '2026-04-14 20:12:54', 23);
INSERT INTO `sys_oper_log` VALUES (135, 'йҮҮиҙӯе…Ҙеә“', 2, 'com.ruoyi.system.controller.PurchaseInController.edit()', 'PUT', 1, '110', NULL, '/system/in', '127.0.0.1', 'еҶ…зҪ‘IP', '{\"id\":6,\"params\":{},\"productName\":\"е°ҸзҶҠйҘје№І\",\"quantity\":20,\"remark\":\"{\\\"productionDate\\\":\\\"2026-04-01\\\",\\\"expiryDate\\\":\\\"2026-06-30\\\"}\",\"specification\":\"90\",\"storageDate\":\"2026-04-14\",\"supplier\":\"жқҺеӣӣ\",\"totalPrice\":0,\"unit\":\"еҢ…\",\"unitPrice\":0,\"updateTime\":\"2026-04-14 20:21:22\"} ', '{\"msg\":\"ж“ҚдҪңжҲҗеҠҹ\",\"code\":200}', 0, NULL, '2026-04-14 20:21:22', 2);
INSERT INTO `sys_oper_log` VALUES (136, 'йҮҮиҙӯе…Ҙеә“', 2, 'com.ruoyi.system.controller.PurchaseInController.edit()', 'PUT', 1, '110', NULL, '/system/in', '127.0.0.1', 'еҶ…зҪ‘IP', '{\"id\":4,\"params\":{},\"productName\":\"ж°ҙ\",\"quantity\":20,\"remark\":\"{\\\"productionDate\\\":\\\"2026-04-01\\\",\\\"expiryDate\\\":\\\"2026-09-28\\\"}\",\"specification\":\"180\",\"storageDate\":\"2026-04-14\",\"supplier\":\"жқҺеӣӣ\",\"totalPrice\":0,\"unit\":\"з®ұ\",\"unitPrice\":0,\"updateTime\":\"2026-04-14 20:24:23\"} ', '{\"msg\":\"ж“ҚдҪңжҲҗеҠҹ\",\"code\":200}', 0, NULL, '2026-04-14 20:24:23', 15);
INSERT INTO `sys_oper_log` VALUES (137, 'йҮҮиҙӯе…Ҙеә“', 2, 'com.ruoyi.system.controller.PurchaseInController.edit()', 'PUT', 1, '110', NULL, '/system/in', '127.0.0.1', 'еҶ…зҪ‘IP', '{\"id\":5,\"params\":{},\"productName\":\"йҘје№І\",\"quantity\":1,\"remark\":\"{\\\"productionDate\\\":\\\"2026-04-01\\\",\\\"expiryDate\\\":\\\"2026-04-11\\\"}\",\"specification\":\"10\",\"storageDate\":\"2026-04-14\",\"supplier\":\"жқҺеӣӣ\",\"totalPrice\":0,\"unit\":\"з®ұ\",\"unitPrice\":0,\"updateTime\":\"2026-04-14 20:24:33\"} ', '{\"msg\":\"ж“ҚдҪңжҲҗеҠҹ\",\"code\":200}', 0, NULL, '2026-04-14 20:24:33', 19);
INSERT INTO `sys_oper_log` VALUES (138, 'йҮҮиҙӯе…Ҙеә“', 1, 'com.ruoyi.system.controller.PurchaseInController.add()', 'POST', 1, '110', NULL, '/system/in', '127.0.0.1', 'еҶ…зҪ‘IP', '{\"createTime\":\"2026-04-16 21:45:30\",\"params\":{},\"productName\":\"й…ёеҘ¶\",\"quantity\":9,\"remark\":\"{\\\"productionDate\\\":\\\"2026-04-01\\\",\\\"expiryDate\\\":\\\"2026-04-25\\\"}\",\"specification\":\"24\",\"storageDate\":\"2026-04-16\",\"supplier\":\"\",\"totalPrice\":0,\"unit\":\"зӣ’\",\"unitPrice\":0} ', NULL, 1, '\r\n### Error updating database.  Cause: java.sql.SQLException: Field \'supplier\' doesn\'t have a default value\r\n### The error may exist in file [D:\\vue3\\RuoYi-Vue-springboot2\\ruoyi-admin\\target\\classes\\mapper\\system\\PurchaseInMapper.xml]\r\n### The error may involve com.ruoyi.system.mapper.PurchaseInMapper.insertPurchaseIn-Inline\r\n### The error occurred while setting parameters\r\n### SQL: insert into purchase_in          ( product_name,             specification,             quantity,             unit,             unit_price,             total_price,                          storage_date,             remark,                          create_time )           values ( ?,             ?,             ?,             ?,             ?,             ?,                          ?,             ?,                          ? )\r\n### Cause: java.sql.SQLException: Field \'supplier\' doesn\'t have a default value\n; Field \'supplier\' doesn\'t have a default value; nested exception is java.sql.SQLException: Field \'supplier\' doesn\'t have a default value', '2026-04-16 21:45:31', 50);
INSERT INTO `sys_oper_log` VALUES (139, 'йҮҮиҙӯе…Ҙеә“', 1, 'com.ruoyi.system.controller.PurchaseInController.add()', 'POST', 1, '110', NULL, '/system/in', '127.0.0.1', 'еҶ…зҪ‘IP', '{\"createTime\":\"2026-04-16 21:45:35\",\"params\":{},\"productName\":\"й…ёеҘ¶\",\"quantity\":9,\"remark\":\"{\\\"productionDate\\\":\\\"2026-04-01\\\",\\\"expiryDate\\\":\\\"2026-04-25\\\"}\",\"specification\":\"24\",\"storageDate\":\"2026-04-16\",\"supplier\":\"\",\"totalPrice\":0,\"unit\":\"зӣ’\",\"unitPrice\":0} ', NULL, 1, '\r\n### Error updating database.  Cause: java.sql.SQLException: Field \'supplier\' doesn\'t have a default value\r\n### The error may exist in file [D:\\vue3\\RuoYi-Vue-springboot2\\ruoyi-admin\\target\\classes\\mapper\\system\\PurchaseInMapper.xml]\r\n### The error may involve com.ruoyi.system.mapper.PurchaseInMapper.insertPurchaseIn-Inline\r\n### The error occurred while setting parameters\r\n### SQL: insert into purchase_in          ( product_name,             specification,             quantity,             unit,             unit_price,             total_price,                          storage_date,             remark,                          create_time )           values ( ?,             ?,             ?,             ?,             ?,             ?,                          ?,             ?,                          ? )\r\n### Cause: java.sql.SQLException: Field \'supplier\' doesn\'t have a default value\n; Field \'supplier\' doesn\'t have a default value; nested exception is java.sql.SQLException: Field \'supplier\' doesn\'t have a default value', '2026-04-16 21:45:35', 15);
INSERT INTO `sys_oper_log` VALUES (140, 'йҮҮиҙӯе…Ҙеә“', 1, 'com.ruoyi.system.controller.PurchaseInController.add()', 'POST', 1, '110', NULL, '/system/in', '127.0.0.1', 'еҶ…зҪ‘IP', '{\"createTime\":\"2026-04-16 21:45:42\",\"params\":{},\"productName\":\"й…ёеҘ¶\",\"quantity\":9,\"remark\":\"{\\\"productionDate\\\":\\\"2026-04-01\\\",\\\"expiryDate\\\":\\\"2026-04-25\\\"}\",\"specification\":\"24\",\"storageDate\":\"2026-04-16\",\"supplier\":\"\",\"totalPrice\":0,\"unit\":\"зӣ’\",\"unitPrice\":0} ', NULL, 1, '\r\n### Error updating database.  Cause: java.sql.SQLException: Field \'supplier\' doesn\'t have a default value\r\n### The error may exist in file [D:\\vue3\\RuoYi-Vue-springboot2\\ruoyi-admin\\target\\classes\\mapper\\system\\PurchaseInMapper.xml]\r\n### The error may involve com.ruoyi.system.mapper.PurchaseInMapper.insertPurchaseIn-Inline\r\n### The error occurred while setting parameters\r\n### SQL: insert into purchase_in          ( product_name,             specification,             quantity,             unit,             unit_price,             total_price,                          storage_date,             remark,                          create_time )           values ( ?,             ?,             ?,             ?,             ?,             ?,                          ?,             ?,                          ? )\r\n### Cause: java.sql.SQLException: Field \'supplier\' doesn\'t have a default value\n; Field \'supplier\' doesn\'t have a default value; nested exception is java.sql.SQLException: Field \'supplier\' doesn\'t have a default value', '2026-04-16 21:45:42', 0);
INSERT INTO `sys_oper_log` VALUES (141, 'йҮҮиҙӯе…Ҙеә“', 1, 'com.ruoyi.system.controller.PurchaseInController.add()', 'POST', 1, '110', NULL, '/system/in', '127.0.0.1', 'еҶ…зҪ‘IP', '{\"createTime\":\"2026-04-16 21:47:41\",\"id\":7,\"params\":{},\"productName\":\"й…ёеҘ¶\",\"quantity\":9,\"remark\":\"{\\\"productionDate\\\":\\\"2026-04-01\\\",\\\"expiryDate\\\":\\\"2026-04-25\\\"}\",\"specification\":\"24\",\"storageDate\":\"2026-04-16\",\"supplier\":\"\",\"totalPrice\":0,\"unit\":\"зӣ’\",\"unitPrice\":0} ', '{\"msg\":\"ж“ҚдҪңжҲҗеҠҹ\",\"code\":200}', 0, NULL, '2026-04-16 21:47:41', 2);
INSERT INTO `sys_oper_log` VALUES (142, 'йҮҮиҙӯе…Ҙеә“', 2, 'com.ruoyi.system.controller.PurchaseInController.edit()', 'PUT', 1, '110', NULL, '/system/in', '127.0.0.1', 'еҶ…зҪ‘IP', '{\"id\":7,\"params\":{},\"productName\":\"й…ёеҘ¶\",\"quantity\":8,\"remark\":\"{\\\"productionDate\\\":\\\"2026-04-01\\\",\\\"expiryDate\\\":\\\"2026-04-25\\\"}\",\"specification\":\"24\",\"storageDate\":\"2026-04-16\",\"totalPrice\":0,\"unit\":\"зӣ’\",\"unitPrice\":0,\"updateTime\":\"2026-04-16 21:49:27\"} ', '{\"msg\":\"ж“ҚдҪңжҲҗеҠҹ\",\"code\":200}', 0, NULL, '2026-04-16 21:49:27', 20);
INSERT INTO `sys_oper_log` VALUES (143, 'йҮҮиҙӯе…Ҙеә“', 1, 'com.ruoyi.system.controller.PurchaseInController.add()', 'POST', 1, '110', NULL, '/system/in', '127.0.0.1', 'еҶ…зҪ‘IP', '{\"createTime\":\"2026-04-16 21:55:14\",\"id\":8,\"params\":{},\"productName\":\"йӣ¶йЈҹ\",\"quantity\":10,\"remark\":\"{\\\"productionDate\\\":\\\"2026-04-01\\\",\\\"expiryDate\\\":\\\"2026-05-01\\\"}\",\"specification\":\"30\",\"storageDate\":\"2026-04-16\",\"supplier\":\"\",\"totalPrice\":0,\"unit\":\"з®ұ\",\"unitPrice\":0} ', '{\"msg\":\"ж“ҚдҪңжҲҗеҠҹ\",\"code\":200}', 0, NULL, '2026-04-16 21:55:14', 14);
INSERT INTO `sys_oper_log` VALUES (144, 'йҮҮиҙӯе…Ҙеә“', 1, 'com.ruoyi.system.controller.PurchaseInController.add()', 'POST', 1, '110', NULL, '/system/in', '127.0.0.1', 'еҶ…зҪ‘IP', '{\"createTime\":\"2026-04-17 11:47:22\",\"params\":{},\"productName\":\"е°ҸзҶҠйҘје№І\",\"quantity\":10,\"storageDate\":\"2026-04-17\",\"type\":\"out\",\"unit\":\"еҢ…\"} ', NULL, 1, '\r\n### Error updating database.  Cause: java.sql.SQLException: Field \'unit_price\' doesn\'t have a default value\r\n### The error may exist in file [D:\\vue3\\RuoYi-Vue-springboot2\\ruoyi-admin\\target\\classes\\mapper\\system\\PurchaseInMapper.xml]\r\n### The error may involve com.ruoyi.system.mapper.PurchaseInMapper.insertPurchaseIn-Inline\r\n### The error occurred while setting parameters\r\n### SQL: insert into purchase_in          ( product_name,                          quantity,             unit,                                       storage_date,                          type,                          create_time )           values ( ?,                          ?,             ?,                                       ?,                          ?,                          ? )\r\n### Cause: java.sql.SQLException: Field \'unit_price\' doesn\'t have a default value\n; Field \'unit_price\' doesn\'t have a default value; nested exception is java.sql.SQLException: Field \'unit_price\' doesn\'t have a default value', '2026-04-17 11:47:22', 26);
INSERT INTO `sys_oper_log` VALUES (145, 'йҮҮиҙӯе…Ҙеә“', 1, 'com.ruoyi.system.controller.PurchaseInController.add()', 'POST', 1, '110', NULL, '/system/in', '127.0.0.1', 'еҶ…зҪ‘IP', '{\"createTime\":\"2026-04-17 11:48:11\",\"id\":9,\"params\":{},\"productName\":\"е°ҸзҶҠйҘје№І\",\"quantity\":10,\"storageDate\":\"2026-04-17\",\"type\":\"out\",\"unit\":\"еҢ…\"} ', '{\"msg\":\"ж“ҚдҪңжҲҗеҠҹ\",\"code\":200}', 0, NULL, '2026-04-17 11:48:11', 10);
INSERT INTO `sys_oper_log` VALUES (146, 'йҮҮиҙӯе…Ҙеә“', 1, 'com.ruoyi.system.controller.PurchaseInController.add()', 'POST', 1, '110', NULL, '/system/in', '127.0.0.1', 'еҶ…зҪ‘IP', '{\"createTime\":\"2026-04-17 11:49:44\",\"id\":10,\"params\":{},\"productName\":\"е°ҸзҶҠйҘје№І\",\"quantity\":10,\"storageDate\":\"2026-04-17\",\"type\":\"out\",\"unit\":\"еҢ…\"} ', '{\"msg\":\"ж“ҚдҪңжҲҗеҠҹ\",\"code\":200}', 0, NULL, '2026-04-17 11:49:44', 4);
INSERT INTO `sys_oper_log` VALUES (147, 'д»Јз Ғз”ҹжҲҗ', 6, 'com.ruoyi.generator.controller.GenController.importTableSave()', 'POST', 1, '110', NULL, '/tool/gen/importTable', '127.0.0.1', 'еҶ…зҪ‘IP', '{\"tables\":\"stock\",\"tplWebType\":\"element-ui\"}', '{\"msg\":\"ж“ҚдҪңжҲҗеҠҹ\",\"code\":200}', 0, NULL, '2026-04-17 11:58:42', 65);
INSERT INTO `sys_oper_log` VALUES (148, 'д»Јз Ғз”ҹжҲҗ', 8, 'com.ruoyi.generator.controller.GenController.batchGenCode()', 'GET', 1, '110', NULL, '/tool/gen/batchGenCode', '127.0.0.1', 'еҶ…зҪ‘IP', '{\"tables\":\"stock\"}', NULL, 0, NULL, '2026-04-17 11:58:46', 148);
INSERT INTO `sys_oper_log` VALUES (149, 'д»Јз Ғз”ҹжҲҗ', 6, 'com.ruoyi.generator.controller.GenController.importTableSave()', 'POST', 1, '110', NULL, '/tool/gen/importTable', '127.0.0.1', 'еҶ…зҪ‘IP', '{\"tables\":\"outbound\",\"tplWebType\":\"element-ui\"}', '{\"msg\":\"ж“ҚдҪңжҲҗеҠҹ\",\"code\":200}', 0, NULL, '2026-04-17 12:01:07', 187);
INSERT INTO `sys_oper_log` VALUES (150, 'д»Јз Ғз”ҹжҲҗ', 8, 'com.ruoyi.generator.controller.GenController.batchGenCode()', 'GET', 1, '110', NULL, '/tool/gen/batchGenCode', '127.0.0.1', 'еҶ…зҪ‘IP', '{\"tables\":\"outbound\"}', NULL, 0, NULL, '2026-04-17 12:01:08', 133);
INSERT INTO `sys_oper_log` VALUES (151, 'йҮҮиҙӯе…Ҙеә“', 1, 'com.ruoyi.system.controller.PurchaseInController.add()', 'POST', 1, '110', NULL, '/system/in', '127.0.0.1', 'еҶ…зҪ‘IP', '{\"createTime\":\"2026-04-17 12:10:43\",\"id\":11,\"params\":{},\"productName\":\"йј ж Ү\",\"quantity\":10,\"storageDate\":\"2026-04-17\",\"totalPrice\":2000,\"type\":\"in\",\"unit\":\"дёӘ\",\"unitPrice\":200} ', '{\"msg\":\"ж“ҚдҪңжҲҗеҠҹ\",\"code\":200}', 0, NULL, '2026-04-17 12:10:43', 18);
INSERT INTO `sys_oper_log` VALUES (152, 'йҮҮиҙӯе…Ҙеә“', 1, 'com.ruoyi.system.controller.PurchaseInController.add()', 'POST', 1, '110', NULL, '/system/in', '127.0.0.1', 'еҶ…зҪ‘IP', '{\"createTime\":\"2026-04-17 12:25:29\",\"id\":12,\"params\":{},\"productName\":\"ж°ҙ\",\"quantity\":10,\"storageDate\":\"2026-04-17\",\"totalPrice\":200,\"type\":\"in\",\"unit\":\"з®ұ\",\"unitPrice\":20} ', '{\"msg\":\"ж“ҚдҪңжҲҗеҠҹ\",\"code\":200}', 0, NULL, '2026-04-17 12:25:29', 13);
INSERT INTO `sys_oper_log` VALUES (153, 'йҮҮиҙӯе…Ҙеә“', 1, 'com.ruoyi.system.controller.PurchaseInController.add()', 'POST', 1, '110', NULL, '/system/in', '127.0.0.1', 'еҶ…зҪ‘IP', '{\"createTime\":\"2026-04-17 12:29:44\",\"id\":13,\"params\":{},\"productName\":\"е’–е•Ў\",\"quantity\":10,\"storageDate\":\"2026-04-17\",\"totalPrice\":200,\"type\":\"in\",\"unit\":\"еҢ…\",\"unitPrice\":20} ', '{\"msg\":\"ж“ҚдҪңжҲҗеҠҹ\",\"code\":200}', 0, NULL, '2026-04-17 12:29:44', 163);
INSERT INTO `sys_oper_log` VALUES (154, 'йҮҮиҙӯе…Ҙеә“', 1, 'com.ruoyi.system.controller.PurchaseInController.add()', 'POST', 1, '110', NULL, '/system/in', '127.0.0.1', 'еҶ…зҪ‘IP', '{\"createTime\":\"2026-04-17 12:32:09\",\"id\":14,\"params\":{},\"productName\":\"жүӢжңә\",\"quantity\":1,\"storageDate\":\"2026-04-17\",\"totalPrice\":1000,\"type\":\"in\",\"unit\":\"дёӘ\",\"unitPrice\":1000} ', '{\"msg\":\"ж“ҚдҪңжҲҗеҠҹ\",\"code\":200}', 0, NULL, '2026-04-17 12:32:10', 5);
INSERT INTO `sys_oper_log` VALUES (155, 'йҮҮиҙӯе…Ҙеә“', 1, 'com.ruoyi.system.controller.PurchaseInController.add()', 'POST', 1, '110', NULL, '/system/in', '127.0.0.1', 'еҶ…зҪ‘IP', '{\"createTime\":\"2026-04-17 12:48:57\",\"id\":15,\"params\":{},\"productName\":\"ж°ҙ\",\"quantity\":10,\"storageDate\":\"2026-04-17\",\"totalPrice\":100,\"type\":\"in\",\"unit\":\"з®ұ\",\"unitPrice\":10} ', '{\"msg\":\"ж“ҚдҪңжҲҗеҠҹ\",\"code\":200}', 0, NULL, '2026-04-17 12:48:57', 16);
INSERT INTO `sys_oper_log` VALUES (156, 'йҮҮиҙӯе…Ҙеә“', 1, 'com.ruoyi.system.controller.PurchaseInController.add()', 'POST', 1, '110', NULL, '/system/in', '127.0.0.1', 'еҶ…зҪ‘IP', '{\"id\":16,\"params\":{},\"productName\":\"йҘје№І\",\"quantity\":20,\"storageDate\":\"2026-04-17\",\"totalPrice\":400,\"type\":\"in\",\"unit\":\"еҢ…\",\"unitPrice\":20} ', NULL, 1, 'nested exception is org.apache.ibatis.binding.BindingException: Parameter \'specification\' not found. Available parameters are [arg1, arg0, param1, param2]', '2026-04-17 13:02:39', 28);
INSERT INTO `sys_oper_log` VALUES (157, 'йҮҮиҙӯе…Ҙеә“', 1, 'com.ruoyi.system.controller.PurchaseInController.add()', 'POST', 1, '110', NULL, '/system/in', '127.0.0.1', 'еҶ…зҪ‘IP', '{\"id\":17,\"params\":{},\"productName\":\"йҘје№І\",\"quantity\":20,\"storageDate\":\"2026-04-17\",\"totalPrice\":400,\"type\":\"in\",\"unit\":\"еҢ…\",\"unitPrice\":20} ', '{\"msg\":\"ж“ҚдҪңжҲҗеҠҹ\",\"code\":200}', 0, NULL, '2026-04-17 13:03:51', 24);
INSERT INTO `sys_oper_log` VALUES (158, 'йҮҮиҙӯе…Ҙеә“', 1, 'com.ruoyi.system.controller.PurchaseInController.add()', 'POST', 1, '110', NULL, '/system/in', '127.0.0.1', 'еҶ…зҪ‘IP', '{\"id\":18,\"params\":{},\"productName\":\"ж°ҙ\",\"quantity\":20,\"storageDate\":\"2026-04-17\",\"totalPrice\":40,\"type\":\"in\",\"unit\":\"з®ұ\",\"unitPrice\":2} ', '{\"msg\":\"ж“ҚдҪңжҲҗеҠҹ\",\"code\":200}', 0, NULL, '2026-04-17 13:08:16', 23);
INSERT INTO `sys_oper_log` VALUES (159, 'йҮҮиҙӯе…Ҙеә“', 1, 'com.ruoyi.system.controller.PurchaseInController.add()', 'POST', 1, '110', NULL, '/system/in', '127.0.0.1', 'еҶ…зҪ‘IP', '{\"id\":19,\"params\":{},\"productName\":\"жөӢиҜ•дә§е“Ғ\",\"quantity\":100,\"specification\":\"ж ҮеҮҶи§„ж ј\",\"storageDate\":\"2026-04-17\",\"totalPrice\":1000,\"type\":\"in\",\"unit\":\"дёӘ\",\"unitPrice\":10} ', '{\"msg\":\"ж“ҚдҪңжҲҗеҠҹ\",\"code\":200}', 0, NULL, '2026-04-17 13:09:26', 20);
INSERT INTO `sys_oper_log` VALUES (160, 'йҮҮиҙӯе…Ҙеә“', 1, 'com.ruoyi.system.controller.PurchaseInController.add()', 'POST', 1, '110', NULL, '/system/in', '127.0.0.1', 'еҶ…зҪ‘IP', '{\"params\":{},\"productName\":\"е’–е•Ў\",\"quantity\":20,\"storageDate\":\"yyyy-04-Fr\",\"totalPrice\":20,\"type\":\"in\",\"unit\":\"еҢ…\",\"unitPrice\":1} ', NULL, 1, '\r\n### Error updating database.  Cause: com.mysql.cj.jdbc.exceptions.MysqlDataTruncation: Data truncation: Incorrect date value: \'yyyy-04-Fr\' for column \'storage_date\' at row 1\r\n### The error may exist in file [D:\\vue3\\RuoYi-Vue-springboot2\\ruoyi-admin\\target\\classes\\mapper\\system\\PurchaseInMapper.xml]\r\n### The error may involve com.ruoyi.system.mapper.PurchaseInMapper.insertPurchaseIn-Inline\r\n### The error occurred while setting parameters\r\n### SQL: insert into purchase_in          ( product_name,                          quantity,             unit,             unit_price,             total_price,             storage_date,                          type )           values ( ?,                          ?,             ?,             ?,             ?,             ?,                          ? )\r\n### Cause: com.mysql.cj.jdbc.exceptions.MysqlDataTruncation: Data truncation: Incorrect date value: \'yyyy-04-Fr\' for column \'storage_date\' at row 1\n; Data truncation: Incorrect date value: \'yyyy-04-Fr\' for column \'storage_date\' at row 1; nested exception is com.mysql.cj.jdbc.exceptions.MysqlDataTruncation: Data truncation: Incorrect date value: \'yyyy-04-Fr\' for column \'storage_date\' at row 1', '2026-04-17 13:32:55', 43);
INSERT INTO `sys_oper_log` VALUES (161, 'йҮҮиҙӯе…Ҙеә“', 1, 'com.ruoyi.system.controller.PurchaseInController.add()', 'POST', 1, '110', NULL, '/system/in', '127.0.0.1', 'еҶ…зҪ‘IP', '{\"params\":{},\"productName\":\"ж°ҙ\",\"quantity\":20,\"storageDate\":\"2026-04-Fr\",\"totalPrice\":40,\"type\":\"in\",\"unit\":\"з“¶\",\"unitPrice\":2} ', NULL, 1, '\r\n### Error updating database.  Cause: com.mysql.cj.jdbc.exceptions.MysqlDataTruncation: Data truncation: Incorrect date value: \'2026-04-Fr\' for column \'storage_date\' at row 1\r\n### The error may exist in file [D:\\vue3\\RuoYi-Vue-springboot2\\ruoyi-admin\\target\\classes\\mapper\\system\\PurchaseInMapper.xml]\r\n### The error may involve com.ruoyi.system.mapper.PurchaseInMapper.insertPurchaseIn-Inline\r\n### The error occurred while setting parameters\r\n### SQL: insert into purchase_in          ( product_name,                          quantity,             unit,             unit_price,             total_price,             storage_date,                          type )           values ( ?,                          ?,             ?,             ?,             ?,             ?,                          ? )\r\n### Cause: com.mysql.cj.jdbc.exceptions.MysqlDataTruncation: Data truncation: Incorrect date value: \'2026-04-Fr\' for column \'storage_date\' at row 1\n; Data truncation: Incorrect date value: \'2026-04-Fr\' for column \'storage_date\' at row 1; nested exception is com.mysql.cj.jdbc.exceptions.MysqlDataTruncation: Data truncation: Incorrect date value: \'2026-04-Fr\' for column \'storage_date\' at row 1', '2026-04-17 13:34:16', 3);
INSERT INTO `sys_oper_log` VALUES (162, 'йҮҮиҙӯе…Ҙеә“', 1, 'com.ruoyi.system.controller.PurchaseInController.add()', 'POST', 1, '110', NULL, '/system/in', '127.0.0.1', 'еҶ…зҪ‘IP', '{\"id\":20,\"params\":{},\"productName\":\"е’–е•Ў\",\"productionDate\":\"2026-04-15 00:00:00\",\"quantity\":10,\"shelfLife\":180,\"storageDate\":\"2026-04-17\",\"type\":\"in\",\"unit\":\"еҢ…\"} ', '{\"msg\":\"ж“ҚдҪңжҲҗеҠҹ\",\"code\":200}', 0, NULL, '2026-04-17 13:45:09', 27);
INSERT INTO `sys_oper_log` VALUES (163, 'йҮҮиҙӯе…Ҙеә“', 1, 'com.ruoyi.system.controller.PurchaseInController.add()', 'POST', 1, '110', NULL, '/system/in', '127.0.0.1', 'еҶ…зҪ‘IP', '{\"params\":{},\"productName\":\"жүӢжңә\",\"productionDate\":\"2026-04-17 00:00:00\",\"quantity\":1,\"shelfLife\":10000,\"storageDate\":\"2026-04-16T16:00:00.000Z\",\"type\":\"in\",\"unit\":\"дёӘ\"} ', NULL, 1, '\r\n### Error updating database.  Cause: com.mysql.cj.jdbc.exceptions.MysqlDataTruncation: Data truncation: Incorrect date value: \'2026-04-16T16:00:00.000Z\' for column \'storage_date\' at row 1\r\n### The error may exist in file [D:\\vue3\\RuoYi-Vue-springboot2\\ruoyi-admin\\target\\classes\\mapper\\system\\PurchaseInMapper.xml]\r\n### The error may involve com.ruoyi.system.mapper.PurchaseInMapper.insertPurchaseIn-Inline\r\n### The error occurred while setting parameters\r\n### SQL: insert into purchase_in          ( product_name,                          quantity,             unit,             production_date,             shelf_life,             storage_date,                          type )           values ( ?,                          ?,             ?,             ?,             ?,             ?,                          ? )\r\n### Cause: com.mysql.cj.jdbc.exceptions.MysqlDataTruncation: Data truncation: Incorrect date value: \'2026-04-16T16:00:00.000Z\' for column \'storage_date\' at row 1\n; Data truncation: Incorrect date value: \'2026-04-16T16:00:00.000Z\' for column \'storage_date\' at row 1; nested exception is com.mysql.cj.jdbc.exceptions.MysqlDataTruncation: Data truncation: Incorrect date value: \'2026-04-16T16:00:00.000Z\' for column \'storage_date\' at row 1', '2026-04-17 13:52:58', 4);
INSERT INTO `sys_oper_log` VALUES (164, 'йҮҮиҙӯе…Ҙеә“', 1, 'com.ruoyi.system.controller.PurchaseInController.add()', 'POST', 1, '110', NULL, '/system/in', '127.0.0.1', 'еҶ…зҪ‘IP', '{\"params\":{},\"productName\":\"жүӢжңә\",\"productionDate\":\"2026-04-17 00:00:00\",\"quantity\":1,\"shelfLife\":100,\"storageDate\":\"2026-04-16T16:00:00.000Z\",\"type\":\"in\",\"unit\":\"дёӘ\"} ', NULL, 1, '\r\n### Error updating database.  Cause: com.mysql.cj.jdbc.exceptions.MysqlDataTruncation: Data truncation: Incorrect date value: \'2026-04-16T16:00:00.000Z\' for column \'storage_date\' at row 1\r\n### The error may exist in file [D:\\vue3\\RuoYi-Vue-springboot2\\ruoyi-admin\\target\\classes\\mapper\\system\\PurchaseInMapper.xml]\r\n### The error may involve com.ruoyi.system.mapper.PurchaseInMapper.insertPurchaseIn-Inline\r\n### The error occurred while setting parameters\r\n### SQL: insert into purchase_in          ( product_name,                          quantity,             unit,             production_date,             shelf_life,             storage_date,                          type )           values ( ?,                          ?,             ?,             ?,             ?,             ?,                          ? )\r\n### Cause: com.mysql.cj.jdbc.exceptions.MysqlDataTruncation: Data truncation: Incorrect date value: \'2026-04-16T16:00:00.000Z\' for column \'storage_date\' at row 1\n; Data truncation: Incorrect date value: \'2026-04-16T16:00:00.000Z\' for column \'storage_date\' at row 1; nested exception is com.mysql.cj.jdbc.exceptions.MysqlDataTruncation: Data truncation: Incorrect date value: \'2026-04-16T16:00:00.000Z\' for column \'storage_date\' at row 1', '2026-04-17 13:53:02', 3);
INSERT INTO `sys_oper_log` VALUES (165, 'йҮҮиҙӯе…Ҙеә“', 1, 'com.ruoyi.system.controller.PurchaseInController.add()', 'POST', 1, '110', NULL, '/system/in', '127.0.0.1', 'еҶ…зҪ‘IP', '{\"params\":{},\"productName\":\"ж°ҙ\",\"productionDate\":\"2026-04-16\",\"quantity\":10,\"shelfLife\":180,\"storageDate\":\"2026-04-14\",\"type\":\"in\",\"unit\":\"з®ұ\"} ', NULL, 1, 'nested exception is org.apache.ibatis.exceptions.PersistenceException: \r\n### Error updating database.  Cause: java.lang.IllegalArgumentException: invalid comparison: java.util.Date and java.lang.String\r\n### The error may exist in file [D:\\vue3\\RuoYi-Vue-springboot2\\ruoyi-admin\\target\\classes\\mapper\\system\\PurchaseInMapper.xml]\r\n### The error may involve com.ruoyi.system.mapper.PurchaseInMapper.insertPurchaseIn\r\n### The error occurred while executing an update\r\n### Cause: java.lang.IllegalArgumentException: invalid comparison: java.util.Date and java.lang.String', '2026-04-17 13:55:51', 11);
INSERT INTO `sys_oper_log` VALUES (166, 'еҮәеә“з®ЎзҗҶ', 1, 'com.ruoyi.system.controller.OutboundController.add()', 'POST', 1, '110', NULL, '/system/outbound', '127.0.0.1', 'еҶ…зҪ‘IP', '{\"createTime\":\"2026-04-17 16:29:25\",\"id\":1,\"outDate\":\"2026-04-17\",\"params\":{},\"productName\":\"жөӢиҜ•еҮәеә“\",\"quantity\":10,\"specification\":\"и§„ж јA\",\"unit\":\"дёӘ\"} ', '{\"msg\":\"ж“ҚдҪңжҲҗеҠҹ\",\"code\":200}', 0, NULL, '2026-04-17 16:29:25', 163);
INSERT INTO `sys_oper_log` VALUES (167, 'еҮәеә“з®ЎзҗҶ', 1, 'com.ruoyi.system.controller.OutboundController.add()', 'POST', 1, '110', NULL, '/system/outbound', '127.0.0.1', 'еҶ…зҪ‘IP', '{\"createTime\":\"2026-04-17 16:33:03\",\"id\":2,\"outDate\":\"2026-04-20\",\"params\":{},\"productName\":\"е’–е•Ў\",\"quantity\":10} ', '{\"msg\":\"ж“ҚдҪңжҲҗеҠҹ\",\"code\":200}', 0, NULL, '2026-04-17 16:33:03', 173);
INSERT INTO `sys_oper_log` VALUES (168, 'йҮҮиҙӯе…Ҙеә“', 1, 'com.ruoyi.system.controller.PurchaseInController.add()', 'POST', 1, '110', NULL, '/system/in', '127.0.0.1', 'еҶ…зҪ‘IP', '{\"id\":21,\"params\":{},\"productName\":\"е’–е•Ў\",\"productionDate\":\"2026-04-14\",\"quantity\":10,\"shelfLife\":180,\"storageDate\":\"2026-04-16\",\"type\":\"in\",\"unit\":\"еҢ…\"} ', '{\"msg\":\"ж“ҚдҪңжҲҗеҠҹ\",\"code\":200}', 0, NULL, '2026-04-17 16:37:11', 27);
INSERT INTO `sys_oper_log` VALUES (169, 'еҮәеә“з®ЎзҗҶ', 1, 'com.ruoyi.system.controller.OutboundController.add()', 'POST', 1, '110', NULL, '/system/outbound', '127.0.0.1', 'еҶ…зҪ‘IP', '{\"createTime\":\"2026-04-17 16:37:36\",\"id\":3,\"outDate\":\"2026-04-16\",\"params\":{},\"productName\":\"е’–е•Ў\",\"quantity\":10,\"unit\":\"еҢ…\"} ', '{\"msg\":\"ж“ҚдҪңжҲҗеҠҹ\",\"code\":200}', 0, NULL, '2026-04-17 16:37:36', 16);
INSERT INTO `sys_oper_log` VALUES (170, 'йҮҮиҙӯе…Ҙеә“', 2, 'com.ruoyi.system.controller.PurchaseInController.edit()', 'PUT', 1, '110', NULL, '/system/in', '127.0.0.1', 'еҶ…зҪ‘IP', '{\"createBy\":\"\",\"createTime\":\"2026-04-17 13:45:09\",\"id\":20,\"params\":{},\"productName\":\"е’–е•Ў\",\"productionDate\":\"2026-04-15\",\"quantity\":10,\"shelfLife\":180,\"storageDate\":\"2026-04-15\",\"type\":\"in\",\"unit\":\"еҢ…\",\"updateBy\":\"\",\"updateTime\":\"2026-04-17 13:45:09\"} ', '{\"msg\":\"ж“ҚдҪңжҲҗеҠҹ\",\"code\":200}', 0, NULL, '2026-04-17 16:38:01', 10);
INSERT INTO `sys_oper_log` VALUES (171, 'йҮҮиҙӯе…Ҙеә“', 2, 'com.ruoyi.system.controller.PurchaseInController.edit()', 'PUT', 1, '110', NULL, '/system/in', '127.0.0.1', 'еҶ…зҪ‘IP', '{\"createBy\":\"\",\"createTime\":\"2026-04-17 16:37:11\",\"id\":21,\"params\":{},\"productName\":\"е’–е•Ў\",\"productionDate\":\"2026-04-14\",\"quantity\":10,\"shelfLife\":180,\"storageDate\":\"2026-04-16\",\"type\":\"in\",\"unit\":\"еҢ…\",\"updateBy\":\"\",\"updateTime\":\"2026-04-17 16:37:11\"} ', '{\"msg\":\"ж“ҚдҪңжҲҗеҠҹ\",\"code\":200}', 0, NULL, '2026-04-17 16:38:08', 2);
INSERT INTO `sys_oper_log` VALUES (172, 'йҮҮиҙӯе…Ҙеә“', 2, 'com.ruoyi.system.controller.PurchaseInController.edit()', 'PUT', 1, '110', NULL, '/system/in', '127.0.0.1', 'еҶ…зҪ‘IP', '{\"createBy\":\"\",\"createTime\":\"2026-04-17 13:45:09\",\"id\":20,\"params\":{},\"productName\":\"е’–е•Ў\",\"productionDate\":\"2026-04-15\",\"quantity\":10,\"shelfLife\":180,\"storageDate\":\"2026-04-15\",\"type\":\"in\",\"unit\":\"еҢ…\",\"updateBy\":\"\",\"updateTime\":\"2026-04-17 16:38:01\"} ', '{\"msg\":\"ж“ҚдҪңжҲҗеҠҹ\",\"code\":200}', 0, NULL, '2026-04-17 16:38:12', 0);
INSERT INTO `sys_oper_log` VALUES (173, 'йҮҮиҙӯе…Ҙеә“', 1, 'com.ruoyi.system.controller.PurchaseInController.add()', 'POST', 1, '110', NULL, '/system/in', '127.0.0.1', 'еҶ…зҪ‘IP', '{\"id\":22,\"params\":{},\"productName\":\"ж°ҙ\",\"productionDate\":\"2026-04-07\",\"quantity\":10,\"shelfLife\":180,\"storageDate\":\"2026-04-17\",\"type\":\"in\",\"unit\":\"з“¶\"} ', '{\"msg\":\"ж“ҚдҪңжҲҗеҠҹ\",\"code\":200}', 0, NULL, '2026-04-17 16:43:46', 24);
INSERT INTO `sys_oper_log` VALUES (174, 'йҮҮиҙӯе…Ҙеә“', 2, 'com.ruoyi.system.controller.PurchaseInController.edit()', 'PUT', 1, '110', NULL, '/system/in', '127.0.0.1', 'еҶ…зҪ‘IP', '{\"createBy\":\"\",\"createTime\":\"2026-04-17 13:45:09\",\"id\":20,\"params\":{},\"productName\":\"е’–е•Ў\",\"productionDate\":\"2026-04-15\",\"quantity\":1,\"shelfLife\":180,\"storageDate\":\"2026-04-15\",\"type\":\"in\",\"unit\":\"еҢ…\",\"updateBy\":\"\",\"updateTime\":\"2026-04-17 16:38:01\"} ', '{\"msg\":\"ж“ҚдҪңжҲҗеҠҹ\",\"code\":200}', 0, NULL, '2026-04-17 16:44:01', 16);
INSERT INTO `sys_oper_log` VALUES (175, 'йҮҮиҙӯе…Ҙеә“', 2, 'com.ruoyi.system.controller.PurchaseInController.edit()', 'PUT', 1, '110', NULL, '/system/in', '127.0.0.1', 'еҶ…зҪ‘IP', '{\"createBy\":\"\",\"createTime\":\"2026-04-17 13:45:09\",\"id\":20,\"params\":{},\"productName\":\"е’–е•Ў\",\"productionDate\":\"2026-04-15\",\"quantity\":30,\"shelfLife\":180,\"storageDate\":\"2026-04-15\",\"type\":\"in\",\"unit\":\"еҢ…\",\"updateBy\":\"\",\"updateTime\":\"2026-04-17 16:44:01\"} ', '{\"msg\":\"ж“ҚдҪңжҲҗеҠҹ\",\"code\":200}', 0, NULL, '2026-04-17 16:47:04', 18);
INSERT INTO `sys_oper_log` VALUES (176, 'йҮҮиҙӯе…Ҙеә“', 2, 'com.ruoyi.system.controller.PurchaseInController.edit()', 'PUT', 1, '110', NULL, '/system/in', '127.0.0.1', 'еҶ…зҪ‘IP', '{\"createBy\":\"\",\"createTime\":\"2026-04-17 13:45:09\",\"id\":20,\"params\":{},\"productName\":\"е’–е•Ў\",\"productionDate\":\"2026-04-15\",\"quantity\":1,\"shelfLife\":180,\"storageDate\":\"2026-04-15\",\"type\":\"in\",\"unit\":\"еҢ…\",\"updateBy\":\"\",\"updateTime\":\"2026-04-17 16:47:03\"} ', '{\"msg\":\"ж“ҚдҪңжҲҗеҠҹ\",\"code\":200}', 0, NULL, '2026-04-17 16:51:20', 32);
INSERT INTO `sys_oper_log` VALUES (177, 'йҮҮиҙӯе…Ҙеә“', 2, 'com.ruoyi.system.controller.PurchaseInController.edit()', 'PUT', 1, '110', NULL, '/system/in', '127.0.0.1', 'еҶ…зҪ‘IP', '{\"createBy\":\"\",\"createTime\":\"2026-04-17 13:45:09\",\"id\":20,\"params\":{},\"productName\":\"е’–е•Ў\",\"productionDate\":\"2026-04-15\",\"quantity\":100,\"shelfLife\":180,\"storageDate\":\"2026-04-15\",\"type\":\"in\",\"unit\":\"еҢ…\",\"updateBy\":\"\",\"updateTime\":\"2026-04-17 16:51:19\"} ', '{\"msg\":\"ж“ҚдҪңжҲҗеҠҹ\",\"code\":200}', 0, NULL, '2026-04-17 16:52:44', 15);
INSERT INTO `sys_oper_log` VALUES (178, 'йҮҮиҙӯе…Ҙеә“', 1, 'com.ruoyi.system.controller.PurchaseInController.add()', 'POST', 1, '110', NULL, '/system/in', '127.0.0.1', 'еҶ…зҪ‘IP', '{\"id\":23,\"params\":{},\"productName\":\"е’–е•Ў\",\"productionDate\":\"2026-04-14\",\"quantity\":10,\"shelfLife\":180,\"storageDate\":\"2026-04-17\",\"type\":\"in\",\"unit\":\"еҢ…\"} ', '{\"msg\":\"ж“ҚдҪңжҲҗеҠҹ\",\"code\":200}', 0, NULL, '2026-04-17 16:53:48', 26);
INSERT INTO `sys_oper_log` VALUES (179, 'йҮҮиҙӯе…Ҙеә“', 1, 'com.ruoyi.system.controller.PurchaseInController.add()', 'POST', 1, '110', NULL, '/system/in', '127.0.0.1', 'еҶ…зҪ‘IP', '{\"params\":{},\"productName\":\"е’–е•Ў\",\"productionDate\":\"2026-04-07\",\"quantity\":10,\"shelfLife\":180,\"type\":\"in\",\"unit\":\"з®ұ\"} ', NULL, 1, '\r\n### Error updating database.  Cause: java.sql.SQLException: Field \'storage_date\' doesn\'t have a default value\r\n### The error may exist in file [D:\\vue3\\RuoYi-Vue-springboot2\\ruoyi-admin\\target\\classes\\mapper\\system\\PurchaseInMapper.xml]\r\n### The error may involve com.ruoyi.system.mapper.PurchaseInMapper.insertPurchaseIn-Inline\r\n### The error occurred while setting parameters\r\n### SQL: insert into purchase_in          ( product_name,                          quantity,             unit,             production_date,             shelf_life,                                       type )           values ( ?,                          ?,             ?,             ?,             ?,                                       ? )\r\n### Cause: java.sql.SQLException: Field \'storage_date\' doesn\'t have a default value\n; Field \'storage_date\' doesn\'t have a default value; nested exception is java.sql.SQLException: Field \'storage_date\' doesn\'t have a default value', '2026-04-17 17:05:35', 181);
INSERT INTO `sys_oper_log` VALUES (180, 'йҮҮиҙӯе…Ҙеә“', 1, 'com.ruoyi.system.controller.PurchaseInController.add()', 'POST', 1, '110', NULL, '/system/in', '127.0.0.1', 'еҶ…зҪ‘IP', '{\"params\":{},\"productName\":\"е’–е•Ў\",\"productionDate\":\"2026-04-15\",\"quantity\":10,\"type\":\"in\",\"unit\":\"еҢ…\"} ', NULL, 1, '\r\n### Error updating database.  Cause: java.sql.SQLException: Field \'storage_date\' doesn\'t have a default value\r\n### The error may exist in file [D:\\vue3\\RuoYi-Vue-springboot2\\ruoyi-admin\\target\\classes\\mapper\\system\\PurchaseInMapper.xml]\r\n### The error may involve com.ruoyi.system.mapper.PurchaseInMapper.insertPurchaseIn-Inline\r\n### The error occurred while setting parameters\r\n### SQL: insert into purchase_in          ( product_name,                          quantity,             unit,             production_date,                                                    type )           values ( ?,                          ?,             ?,             ?,                                                    ? )\r\n### Cause: java.sql.SQLException: Field \'storage_date\' doesn\'t have a default value\n; Field \'storage_date\' doesn\'t have a default value; nested exception is java.sql.SQLException: Field \'storage_date\' doesn\'t have a default value', '2026-04-17 17:08:16', 0);
INSERT INTO `sys_oper_log` VALUES (181, 'йҮҮиҙӯе…Ҙеә“', 1, 'com.ruoyi.system.controller.PurchaseInController.add()', 'POST', 1, '110', NULL, '/system/in', '127.0.0.1', 'еҶ…зҪ‘IP', '{\"productName\":\"ж°ҙ\",\"productionDate\":\"2026-04-15 00:00:00\",\"quantity\":1,\"storageDate\":\"2026-04-17 18:22:55.47\",\"type\":\"in\",\"unit\":\"з“¶\"} ', NULL, 1, 'nested exception is org.apache.ibatis.reflection.ReflectionException: There is no getter for property named \'createTime\' in \'class com.ruoyi.system.domain.PurchaseIn\'', '2026-04-17 18:22:55', 17);
INSERT INTO `sys_oper_log` VALUES (182, 'йҮҮиҙӯе…Ҙеә“', 1, 'com.ruoyi.system.controller.PurchaseInController.add()', 'POST', 1, '110', NULL, '/system/in', '127.0.0.1', 'еҶ…зҪ‘IP', '{\"productName\":\"е’–е•Ў\",\"productionDate\":\"2026-04-07 00:00:00\",\"quantity\":10,\"shelfLife\":180,\"storageDate\":\"2026-04-17 19:49:56.375\",\"type\":\"in\",\"unit\":\"еҢ…\"} ', NULL, 1, 'nested exception is org.apache.ibatis.reflection.ReflectionException: There is no getter for property named \'createTime\' in \'class com.ruoyi.system.domain.PurchaseIn\'', '2026-04-17 19:49:56', 15);
INSERT INTO `sys_oper_log` VALUES (183, 'йҮҮиҙӯе…Ҙеә“', 1, 'com.ruoyi.system.controller.PurchaseInController.add()', 'POST', 1, '110', NULL, '/system/in', '127.0.0.1', 'еҶ…зҪ‘IP', '{\"productName\":\"е’–е•Ў\",\"productionDate\":\"2026-04-07 00:00:00\",\"quantity\":10,\"shelfLife\":180,\"storageDate\":\"2026-04-17 19:51:32.146\",\"type\":\"in\",\"unit\":\"еҢ…\"} ', NULL, 1, 'nested exception is org.apache.ibatis.reflection.ReflectionException: There is no getter for property named \'createTime\' in \'class com.ruoyi.system.domain.PurchaseIn\'', '2026-04-17 19:51:32', 1);
INSERT INTO `sys_oper_log` VALUES (184, 'йҮҮиҙӯе…Ҙеә“', 1, 'com.ruoyi.system.controller.PurchaseInController.add()', 'POST', 1, '110', NULL, '/system/in', '127.0.0.1', 'еҶ…зҪ‘IP', '{\"productName\":\"е’–е•Ў\",\"productionDate\":\"2026-04-07 00:00:00\",\"quantity\":10,\"shelfLife\":180,\"storageDate\":\"2026-04-17 19:51:37.805\",\"type\":\"in\",\"unit\":\"еҢ…\"} ', NULL, 1, 'nested exception is org.apache.ibatis.reflection.ReflectionException: There is no getter for property named \'createTime\' in \'class com.ruoyi.system.domain.PurchaseIn\'', '2026-04-17 19:51:37', 2);
INSERT INTO `sys_oper_log` VALUES (185, 'йҮҮиҙӯе…Ҙеә“', 1, 'com.ruoyi.system.controller.PurchaseInController.add()', 'POST', 1, '110', NULL, '/system/in', '127.0.0.1', 'еҶ…зҪ‘IP', '{\"params\":{},\"productName\":\"е’–е•Ў\",\"productionDate\":\"2026-04-07 00:00:00\",\"quantity\":10,\"shelfLife\":180,\"storageDate\":\"2026-04-17 19:55:08.878\",\"type\":\"in\",\"unit\":\"еҢ…\"} ', NULL, 1, '\r\n### Error updating database.  Cause: java.sql.SQLSyntaxErrorException: Unknown column \'create_by\' in \'field list\'\r\n### The error may exist in file [D:\\vue3\\RuoYi-Vue-springboot2\\ruoyi-admin\\target\\classes\\mapper\\system\\PurchaseInMapper.xml]\r\n### The error may involve defaultParameterMap\r\n### The error occurred while setting parameters\r\n### SQL: INSERT INTO purchase_in(             product_name,             specification,             production_date,             shelf_life,             quantity,             unit,             storage_date,             type,             remark,             create_by,             create_time         )         VALUES(                   ?,                   ?,                   ?,                   ?,                   ?,                   ?,                   ?,                   ?,                   ?,                   ?,                   NOW()               )\r\n### Cause: java.sql.SQLSyntaxErrorException: Unknown column \'create_by\' in \'field list\'\n; bad SQL grammar []; nested exception is java.sql.SQLSyntaxErrorException: Unknown column \'create_by\' in \'field list\'', '2026-04-17 19:55:09', 174);
INSERT INTO `sys_oper_log` VALUES (186, 'е…Ҙеә“з®ЎзҗҶ', 1, 'com.ruoyi.web.controller.system.PurchaseInController.add()', 'POST', 1, '110', NULL, '/system/purchaseIn', '127.0.0.1', 'еҶ…зҪ‘IP', '{\"id\":1,\"params\":{},\"productName\":\"е’–е•Ў\",\"productionDate\":\"2026-04-14 00:00:00\",\"quantity\":10,\"shelfLife\":180,\"type\":\"in\",\"unit\":\"еҢ…\"} ', '{\"msg\":\"ж“ҚдҪңжҲҗеҠҹ\",\"code\":200}', 0, NULL, '2026-04-17 20:06:47', 171);
INSERT INTO `sys_oper_log` VALUES (187, 'еҮәеә“з®ЎзҗҶ', 1, 'com.ruoyi.system.controller.OutboundController.add()', 'POST', 1, '110', NULL, '/system/outbound/add', '127.0.0.1', 'еҶ…зҪ‘IP', '{\"outDate\":\"2026-04-17 20:14:43.287\",\"params\":{},\"productName\":\"е’–е•Ў\",\"quantity\":5,\"unit\":\"еҢ…\"} ', NULL, 1, '\r\n### Error updating database.  Cause: java.sql.SQLSyntaxErrorException: Unknown column \'outbound_no\' in \'field list\'\r\n### The error may exist in file [D:\\vue3\\RuoYi-Vue-springboot2\\ruoyi-admin\\target\\classes\\mapper\\system\\OutboundMapper.xml]\r\n### The error may involve defaultParameterMap\r\n### The error occurred while setting parameters\r\n### SQL: INSERT INTO outbound(             outbound_no,             product_name,             specification,             quantity,             unit,             outbound_type,             recipient,             remark,             create_by,             create_time,             status         )         VALUES (                    ?,                    ?,                    ?,                    ?,                    ?,                    ?,                    ?,                    ?,                    ?,                    NOW(),                    \'0\'                )\r\n### Cause: java.sql.SQLSyntaxErrorException: Unknown column \'outbound_no\' in \'field list\'\n; bad SQL grammar []; nested exception is java.sql.SQLSyntaxErrorException: Unknown column \'outbound_no\' in \'field list\'', '2026-04-17 20:14:43', 181);
INSERT INTO `sys_oper_log` VALUES (188, 'еҮәеә“з®ЎзҗҶ', 1, 'com.ruoyi.system.controller.OutboundController.add()', 'POST', 1, '110', NULL, '/system/outbound/add', '127.0.0.1', 'еҶ…зҪ‘IP', '{\"outDate\":\"2026-04-17 20:17:53.722\",\"params\":{},\"productName\":\"е’–е•Ў\",\"quantity\":5,\"unit\":\"еҢ…\"} ', NULL, 1, '\r\n### Error updating database.  Cause: java.sql.SQLSyntaxErrorException: Unknown column \'create_by\' in \'field list\'\r\n### The error may exist in file [D:\\vue3\\RuoYi-Vue-springboot2\\ruoyi-admin\\target\\classes\\mapper\\system\\OutboundMapper.xml]\r\n### The error may involve defaultParameterMap\r\n### The error occurred while setting parameters\r\n### SQL: INSERT INTO outbound(             product_name,             specification,             quantity,             unit,             out_date,             remark,             create_by,             create_time         )         VALUES(                   ?,                   ?,                   ?,                   ?,                   ?,                   ?,                   ?,                   NOW()               )\r\n### Cause: java.sql.SQLSyntaxErrorException: Unknown column \'create_by\' in \'field list\'\n; bad SQL grammar []; nested exception is java.sql.SQLSyntaxErrorException: Unknown column \'create_by\' in \'field list\'', '2026-04-17 20:17:53', 174);
INSERT INTO `sys_oper_log` VALUES (189, 'еҮәеә“з®ЎзҗҶ', 1, 'com.ruoyi.system.controller.OutboundController.add()', 'POST', 1, '110', NULL, '/system/outbound/add', '127.0.0.1', 'еҶ…зҪ‘IP', '{\"outDate\":\"2026-04-17 20:18:08.288\",\"params\":{},\"productName\":\"е’–е•Ў\",\"quantity\":5,\"unit\":\"еҢ…\"} ', NULL, 1, '\r\n### Error updating database.  Cause: java.sql.SQLSyntaxErrorException: Unknown column \'create_by\' in \'field list\'\r\n### The error may exist in file [D:\\vue3\\RuoYi-Vue-springboot2\\ruoyi-admin\\target\\classes\\mapper\\system\\OutboundMapper.xml]\r\n### The error may involve defaultParameterMap\r\n### The error occurred while setting parameters\r\n### SQL: INSERT INTO outbound(             product_name,             specification,             quantity,             unit,             out_date,             remark,             create_by,             create_time         )         VALUES(                   ?,                   ?,                   ?,                   ?,                   ?,                   ?,                   ?,                   NOW()               )\r\n### Cause: java.sql.SQLSyntaxErrorException: Unknown column \'create_by\' in \'field list\'\n; bad SQL grammar []; nested exception is java.sql.SQLSyntaxErrorException: Unknown column \'create_by\' in \'field list\'', '2026-04-17 20:18:08', 16);
INSERT INTO `sys_oper_log` VALUES (190, 'еҮәеә“з®ЎзҗҶ', 1, 'com.ruoyi.system.controller.OutboundController.add()', 'POST', 1, '110', NULL, '/system/outbound/add', '127.0.0.1', 'еҶ…зҪ‘IP', '{\"outDate\":\"2026-04-17 20:18:48.622\",\"params\":{},\"productName\":\"е’–е•Ў\",\"quantity\":5,\"unit\":\"еҢ…\"} ', NULL, 1, '\r\n### Error updating database.  Cause: java.sql.SQLSyntaxErrorException: Unknown column \'create_by\' in \'field list\'\r\n### The error may exist in file [D:\\vue3\\RuoYi-Vue-springboot2\\ruoyi-admin\\target\\classes\\mapper\\system\\OutboundMapper.xml]\r\n### The error may involve defaultParameterMap\r\n### The error occurred while setting parameters\r\n### SQL: INSERT INTO outbound(             product_name,             specification,             quantity,             unit,             out_date,             remark,             create_by,             create_time         )         VALUES(                   ?,                   ?,                   ?,                   ?,                   ?,                   ?,                   ?,                   NOW()               )\r\n### Cause: java.sql.SQLSyntaxErrorException: Unknown column \'create_by\' in \'field list\'\n; bad SQL grammar []; nested exception is java.sql.SQLSyntaxErrorException: Unknown column \'create_by\' in \'field list\'', '2026-04-17 20:18:48', 15);
INSERT INTO `sys_oper_log` VALUES (191, 'еҮәеә“з®ЎзҗҶ', 1, 'com.ruoyi.system.controller.OutboundController.add()', 'POST', 1, '110', NULL, '/system/outbound/add', '127.0.0.1', 'еҶ…зҪ‘IP', '{\"outDate\":\"2026-04-17 20:19:05.478\",\"params\":{},\"productName\":\"е’–е•Ў\",\"quantity\":5,\"unit\":\"еҢ…\"} ', NULL, 1, '\r\n### Error updating database.  Cause: java.sql.SQLSyntaxErrorException: Unknown column \'create_by\' in \'field list\'\r\n### The error may exist in file [D:\\vue3\\RuoYi-Vue-springboot2\\ruoyi-admin\\target\\classes\\mapper\\system\\OutboundMapper.xml]\r\n### The error may involve defaultParameterMap\r\n### The error occurred while setting parameters\r\n### SQL: INSERT INTO outbound(             product_name,             specification,             quantity,             unit,             out_date,             remark,             create_by,             create_time         )         VALUES(                   ?,                   ?,                   ?,                   ?,                   ?,                   ?,                   ?,                   NOW()               )\r\n### Cause: java.sql.SQLSyntaxErrorException: Unknown column \'create_by\' in \'field list\'\n; bad SQL grammar []; nested exception is java.sql.SQLSyntaxErrorException: Unknown column \'create_by\' in \'field list\'', '2026-04-17 20:19:05', 173);
INSERT INTO `sys_oper_log` VALUES (192, 'еҮәеә“з®ЎзҗҶ', 1, 'com.ruoyi.system.controller.OutboundController.add()', 'POST', 1, '110', NULL, '/system/outbound/add', '127.0.0.1', 'еҶ…зҪ‘IP', '{\"outDate\":\"2026-04-17 20:19:15.322\",\"params\":{},\"productName\":\"е’–е•Ў\",\"quantity\":5,\"unit\":\"еҢ…\"} ', NULL, 1, '\r\n### Error updating database.  Cause: java.sql.SQLSyntaxErrorException: Unknown column \'create_by\' in \'field list\'\r\n### The error may exist in file [D:\\vue3\\RuoYi-Vue-springboot2\\ruoyi-admin\\target\\classes\\mapper\\system\\OutboundMapper.xml]\r\n### The error may involve defaultParameterMap\r\n### The error occurred while setting parameters\r\n### SQL: INSERT INTO outbound(             product_name,             specification,             quantity,             unit,             out_date,             remark,             create_by,             create_time         )         VALUES(                   ?,                   ?,                   ?,                   ?,                   ?,                   ?,                   ?,                   NOW()               )\r\n### Cause: java.sql.SQLSyntaxErrorException: Unknown column \'create_by\' in \'field list\'\n; bad SQL grammar []; nested exception is java.sql.SQLSyntaxErrorException: Unknown column \'create_by\' in \'field list\'', '2026-04-17 20:19:15', 0);
INSERT INTO `sys_oper_log` VALUES (193, 'еҮәеә“з®ЎзҗҶ', 1, 'com.ruoyi.system.controller.OutboundController.add()', 'POST', 1, '110', NULL, '/system/outbound/add', '127.0.0.1', 'еҶ…зҪ‘IP', '{\"id\":1,\"outDate\":\"2026-04-17 20:20:38.549\",\"params\":{},\"productName\":\"е’–е•Ў\",\"quantity\":5,\"unit\":\"еҢ…\"} ', '{\"msg\":\"ж“ҚдҪңжҲҗеҠҹ\",\"code\":200}', 0, NULL, '2026-04-17 20:20:38', 171);
INSERT INTO `sys_oper_log` VALUES (194, 'еҮәеә“з®ЎзҗҶ', 1, 'com.ruoyi.system.controller.OutboundController.add()', 'POST', 1, '110', NULL, '/system/outbound/add', '127.0.0.1', 'еҶ…зҪ‘IP', '{\"outDate\":\"2026-04-17 00:00:00\",\"params\":{},\"productName\":\"е’–е•Ў\",\"quantity\":10,\"unit\":\"еҢ…\"} ', NULL, 1, 'еә“еӯҳдёҚи¶іпјҒеҪ“еүҚеә“еӯҳпјҡ0', '2026-04-17 20:28:37', 24);
INSERT INTO `sys_oper_log` VALUES (195, 'еҮәеә“з®ЎзҗҶ', 1, 'com.ruoyi.system.controller.OutboundController.add()', 'POST', 1, '110', NULL, '/system/outbound/add', '127.0.0.1', 'еҶ…зҪ‘IP', '{\"outDate\":\"2026-04-17 00:00:00\",\"params\":{},\"productName\":\"е’–е•Ў\",\"quantity\":1,\"unit\":\"еҢ…\"} ', NULL, 1, 'еә“еӯҳдёҚи¶іпјҒеҪ“еүҚеә“еӯҳпјҡ0', '2026-04-17 20:28:49', 0);
INSERT INTO `sys_oper_log` VALUES (196, 'е…Ҙеә“з®ЎзҗҶ', 1, 'com.ruoyi.web.controller.system.PurchaseInController.add()', 'POST', 1, '110', NULL, '/system/purchaseIn', '127.0.0.1', 'еҶ…зҪ‘IP', '{\"id\":2,\"params\":{},\"productName\":\"е’–е•Ў\",\"productionDate\":\"2026-04-16 00:00:00\",\"quantity\":5,\"shelfLife\":180,\"type\":\"in\",\"unit\":\"еҢ…\"} ', NULL, 1, '\r\n### Error updating database.  Cause: java.sql.SQLSyntaxErrorException: Unknown column \'create_time\' in \'field list\'\r\n### The error may exist in file [D:\\vue3\\RuoYi-Vue-springboot2\\ruoyi-admin\\target\\classes\\mapper\\system\\StockMapper.xml]\r\n### The error may involve defaultParameterMap\r\n### The error occurred while setting parameters\r\n### SQL: INSERT INTO stock(             product_name,             specification,             quantity,             unit,             production_date,             shelf_life,             last_in_time,             create_time         )         VALUES(                   ?,                   ?,                   ?,                   ?,                   ?,                   ?,                   NOW(),                   NOW()               )\r\n### Cause: java.sql.SQLSyntaxErrorException: Unknown column \'create_time\' in \'field list\'\n; bad SQL grammar []; nested exception is java.sql.SQLSyntaxErrorException: Unknown column \'create_time\' in \'field list\'', '2026-04-17 20:29:19', 50);
INSERT INTO `sys_oper_log` VALUES (197, 'е…Ҙеә“з®ЎзҗҶ', 1, 'com.ruoyi.web.controller.system.PurchaseInController.add()', 'POST', 1, '110', NULL, '/system/purchaseIn', '127.0.0.1', 'еҶ…зҪ‘IP', '{\"id\":3,\"params\":{},\"productName\":\"е’–е•Ў\",\"productionDate\":\"2026-04-16 00:00:00\",\"quantity\":5,\"shelfLife\":180,\"type\":\"in\",\"unit\":\"еҢ…\"} ', '{\"msg\":\"ж“ҚдҪңжҲҗеҠҹ\",\"code\":200}', 0, NULL, '2026-04-17 20:30:00', 14);
INSERT INTO `sys_oper_log` VALUES (198, 'е…Ҙеә“з®ЎзҗҶ', 3, 'com.ruoyi.web.controller.system.PurchaseInController.remove()', 'DELETE', 1, '110', NULL, '/system/purchaseIn/1', '127.0.0.1', 'еҶ…зҪ‘IP', '[1] ', '{\"msg\":\"ж“ҚдҪңжҲҗеҠҹ\",\"code\":200}', 0, NULL, '2026-04-17 20:30:10', 16);
INSERT INTO `sys_oper_log` VALUES (199, 'еҮәеә“з®ЎзҗҶ', 3, 'com.ruoyi.system.controller.OutboundController.remove()', 'DELETE', 1, '110', NULL, '/system/outbound/1', '127.0.0.1', 'еҶ…зҪ‘IP', '[1] ', NULL, 1, '\r\n### Error updating database.  Cause: java.sql.SQLSyntaxErrorException: Unknown column \'update_time\' in \'field list\'\r\n### The error may exist in file [D:\\vue3\\RuoYi-Vue-springboot2\\ruoyi-admin\\target\\classes\\mapper\\system\\StockMapper.xml]\r\n### The error may involve defaultParameterMap\r\n### The error occurred while setting parameters\r\n### SQL: UPDATE stock         SET quantity = quantity + ?,          last_in_time = NOW(),                    update_time = NOW()         WHERE product_name = ?         AND specification = ?\r\n### Cause: java.sql.SQLSyntaxErrorException: Unknown column \'update_time\' in \'field list\'\n; bad SQL grammar []; nested exception is java.sql.SQLSyntaxErrorException: Unknown column \'update_time\' in \'field list\'', '2026-04-17 20:30:16', 7);
INSERT INTO `sys_oper_log` VALUES (200, 'е…Ҙеә“з®ЎзҗҶ', 1, 'com.ruoyi.web.controller.system.PurchaseInController.add()', 'POST', 1, '110', NULL, '/system/purchaseIn', '127.0.0.1', 'еҶ…зҪ‘IP', '{\"id\":4,\"params\":{},\"productName\":\"ж°ҙ\",\"productionDate\":\"2026-04-01 00:00:00\",\"quantity\":5,\"shelfLife\":5,\"type\":\"in\",\"unit\":\"з“¶\"} ', '{\"msg\":\"ж“ҚдҪңжҲҗеҠҹ\",\"code\":200}', 0, NULL, '2026-04-17 20:30:32', 23);
INSERT INTO `sys_oper_log` VALUES (201, 'еҮәеә“з®ЎзҗҶ', 1, 'com.ruoyi.system.controller.OutboundController.add()', 'POST', 1, '110', NULL, '/system/outbound/add', '127.0.0.1', 'еҶ…зҪ‘IP', '{\"outDate\":\"2026-04-17 00:00:00\",\"params\":{},\"productName\":\"ж°ҙ\",\"quantity\":2,\"unit\":\"з“¶\"} ', NULL, 1, 'еә“еӯҳдёҚи¶іпјҒеҪ“еүҚеә“еӯҳпјҡ0', '2026-04-17 20:30:46', 0);
INSERT INTO `sys_oper_log` VALUES (202, 'еҮәеә“з®ЎзҗҶ', 3, 'com.ruoyi.system.controller.OutboundController.remove()', 'DELETE', 1, '110', NULL, '/system/outbound/1', '127.0.0.1', 'еҶ…зҪ‘IP', '[1] ', NULL, 1, '\r\n### Error updating database.  Cause: java.sql.SQLSyntaxErrorException: Unknown column \'update_time\' in \'field list\'\r\n### The error may exist in file [D:\\vue3\\RuoYi-Vue-springboot2\\ruoyi-admin\\target\\classes\\mapper\\system\\StockMapper.xml]\r\n### The error may involve defaultParameterMap\r\n### The error occurred while setting parameters\r\n### SQL: UPDATE stock         SET quantity = quantity + ?,          last_in_time = NOW(),                    update_time = NOW()         WHERE product_name = ?         AND specification = ?\r\n### Cause: java.sql.SQLSyntaxErrorException: Unknown column \'update_time\' in \'field list\'\n; bad SQL grammar []; nested exception is java.sql.SQLSyntaxErrorException: Unknown column \'update_time\' in \'field list\'', '2026-04-17 20:31:00', 0);
INSERT INTO `sys_oper_log` VALUES (203, 'е…Ҙеә“з®ЎзҗҶ', 1, 'com.ruoyi.web.controller.system.PurchaseInController.add()', 'POST', 1, '110', NULL, '/system/purchaseIn', '127.0.0.1', 'еҶ…зҪ‘IP', '{\"id\":5,\"params\":{},\"productName\":\"ж°ҙ\",\"productionDate\":\"2026-04-01 00:00:00\",\"quantity\":5,\"shelfLife\":3,\"type\":\"in\",\"unit\":\"з“¶\"} ', '{\"msg\":\"ж“ҚдҪңжҲҗеҠҹ\",\"code\":200}', 0, NULL, '2026-04-17 20:34:11', 151);
INSERT INTO `sys_oper_log` VALUES (204, 'еҮәеә“з®ЎзҗҶ', 1, 'com.ruoyi.system.controller.OutboundController.add()', 'POST', 1, '110', NULL, '/system/outbound/add', '127.0.0.1', 'еҶ…зҪ‘IP', '{\"outDate\":\"2026-04-17 00:00:00\",\"params\":{},\"productName\":\"ж°ҙ\",\"quantity\":1,\"unit\":\"з“¶\"} ', NULL, 1, 'еә“еӯҳдёҚи¶іпјҒеҪ“еүҚеә“еӯҳпјҡ0', '2026-04-17 20:34:24', 0);
INSERT INTO `sys_oper_log` VALUES (205, 'еҮәеә“з®ЎзҗҶ', 1, 'com.ruoyi.system.controller.OutboundController.add()', 'POST', 1, '110', NULL, '/system/outbound/add', '127.0.0.1', 'еҶ…зҪ‘IP', '{\"outDate\":\"2026-04-17 00:00:00\",\"params\":{},\"productName\":\"ж°ҙ\",\"quantity\":1,\"unit\":\"з“¶\"} ', NULL, 1, 'жңӘжүҫеҲ°иҜҘдә§е“Ғзҡ„еә“еӯҳи®°еҪ•пјҢиҜ·е…Ҳе…Ҙеә“пјҒдә§е“ҒеҗҚпјҡж°ҙпјҢи§„ж јпјҡnull', '2026-04-17 20:36:12', 16);
INSERT INTO `sys_oper_log` VALUES (206, 'еҮәеә“з®ЎзҗҶ', 1, 'com.ruoyi.system.controller.OutboundController.add()', 'POST', 1, '110', NULL, '/system/outbound/add', '127.0.0.1', 'еҶ…зҪ‘IP', '{\"outDate\":\"2026-04-17 00:00:00\",\"params\":{},\"productName\":\"ж°ҙ\",\"quantity\":1,\"unit\":\"з“¶\"} ', NULL, 1, '\r\n### Error updating database.  Cause: java.sql.SQLSyntaxErrorException: Unknown column \'create_by\' in \'field list\'\r\n### The error may exist in file [D:\\vue3\\RuoYi-Vue-springboot2\\ruoyi-admin\\target\\classes\\mapper\\system\\OutboundMapper.xml]\r\n### The error may involve defaultParameterMap\r\n### The error occurred while setting parameters\r\n### SQL: INSERT INTO outbound(             product_name,             quantity,             unit,             out_date,             remark,             create_by,             create_time         )         VALUES(                   ?,                   ?,                   ?,                   NOW(),                   ?,                   ?,                   NOW()               )\r\n### Cause: java.sql.SQLSyntaxErrorException: Unknown column \'create_by\' in \'field list\'\n; bad SQL grammar []; nested exception is java.sql.SQLSyntaxErrorException: Unknown column \'create_by\' in \'field list\'', '2026-04-17 20:45:44', 177);
INSERT INTO `sys_oper_log` VALUES (207, 'еҮәеә“з®ЎзҗҶ', 1, 'com.ruoyi.system.controller.OutboundController.add()', 'POST', 1, '110', NULL, '/system/outbound/add', '127.0.0.1', 'еҶ…зҪ‘IP', '{\"id\":2,\"outDate\":\"2026-04-17 00:00:00\",\"params\":{},\"productName\":\"ж°ҙ\",\"quantity\":1,\"unit\":\"з“¶\"} ', '{\"msg\":\"ж“ҚдҪңжҲҗеҠҹ\",\"code\":200}', 0, NULL, '2026-04-17 20:47:05', 161);
INSERT INTO `sys_oper_log` VALUES (208, 'е…Ҙеә“з®ЎзҗҶ', 1, 'com.ruoyi.web.controller.system.PurchaseInController.add()', 'POST', 1, '110', NULL, '/system/purchaseIn', '127.0.0.1', 'еҶ…зҪ‘IP', '{\"id\":6,\"params\":{},\"productName\":\"ж°ҙ\",\"productionDate\":\"2026-04-01 00:00:00\",\"quantity\":1,\"shelfLife\":3,\"type\":\"in\",\"unit\":\"з“¶\"} ', '{\"msg\":\"ж“ҚдҪңжҲҗеҠҹ\",\"code\":200}', 0, NULL, '2026-04-17 20:57:21', 162);
INSERT INTO `sys_oper_log` VALUES (209, 'еҮәеә“з®ЎзҗҶ', 1, 'com.ruoyi.system.controller.OutboundController.add()', 'POST', 1, '110', NULL, '/system/outbound/add', '127.0.0.1', 'еҶ…зҪ‘IP', '{\"id\":3,\"outDate\":\"2026-04-17 00:00:00\",\"params\":{},\"productName\":\"ж°ҙ\",\"quantity\":1,\"unit\":\"з“¶\"} ', '{\"msg\":\"ж“ҚдҪңжҲҗеҠҹ\",\"code\":200}', 0, NULL, '2026-04-17 20:57:48', 18);
INSERT INTO `sys_oper_log` VALUES (210, 'е…Ҙеә“з®ЎзҗҶ', 3, 'com.ruoyi.web.controller.system.PurchaseInController.remove()', 'DELETE', 1, '110', NULL, '/system/purchaseIn/6', '127.0.0.1', 'еҶ…зҪ‘IP', '[6] ', '{\"msg\":\"ж“ҚдҪңжҲҗеҠҹ\",\"code\":200}', 0, NULL, '2026-04-17 20:58:15', 9);
INSERT INTO `sys_oper_log` VALUES (211, 'еҮәеә“з®ЎзҗҶ', 3, 'com.ruoyi.system.controller.OutboundController.remove()', 'DELETE', 1, '110', NULL, '/system/outbound/3', '127.0.0.1', 'еҶ…зҪ‘IP', '[3] ', '{\"msg\":\"ж“ҚдҪңжҲҗеҠҹ\",\"code\":200}', 0, NULL, '2026-04-17 20:58:20', 20);
INSERT INTO `sys_oper_log` VALUES (212, 'еҮәеә“з®ЎзҗҶ', 3, 'com.ruoyi.system.controller.OutboundController.remove()', 'DELETE', 1, '110', NULL, '/system/outbound/2', '127.0.0.1', 'еҶ…зҪ‘IP', '[2] ', '{\"msg\":\"ж“ҚдҪңжҲҗеҠҹ\",\"code\":200}', 0, NULL, '2026-04-17 20:58:30', 15);
INSERT INTO `sys_oper_log` VALUES (213, 'еҮәеә“з®ЎзҗҶ', 3, 'com.ruoyi.system.controller.OutboundController.remove()', 'DELETE', 1, '110', NULL, '/system/outbound/1', '127.0.0.1', 'еҶ…зҪ‘IP', '[1] ', '{\"msg\":\"ж“ҚдҪңжҲҗеҠҹ\",\"code\":200}', 0, NULL, '2026-04-17 20:58:35', 23);
INSERT INTO `sys_oper_log` VALUES (214, 'е…Ҙеә“з®ЎзҗҶ', 3, 'com.ruoyi.web.controller.system.PurchaseInController.remove()', 'DELETE', 1, '110', NULL, '/system/purchaseIn/3', '127.0.0.1', 'еҶ…зҪ‘IP', '[3] ', '{\"msg\":\"ж“ҚдҪңжҲҗеҠҹ\",\"code\":200}', 0, NULL, '2026-04-17 20:58:40', 9);
INSERT INTO `sys_oper_log` VALUES (215, 'е…Ҙеә“з®ЎзҗҶ', 3, 'com.ruoyi.web.controller.system.PurchaseInController.remove()', 'DELETE', 1, '110', NULL, '/system/purchaseIn/5', '127.0.0.1', 'еҶ…зҪ‘IP', '[5] ', '{\"msg\":\"ж“ҚдҪңжҲҗеҠҹ\",\"code\":200}', 0, NULL, '2026-04-17 20:58:51', 14);
INSERT INTO `sys_oper_log` VALUES (216, 'е…Ҙеә“з®ЎзҗҶ', 3, 'com.ruoyi.web.controller.system.PurchaseInController.remove()', 'DELETE', 1, '110', NULL, '/system/purchaseIn/4', '127.0.0.1', 'еҶ…зҪ‘IP', '[4] ', '{\"msg\":\"ж“ҚдҪңжҲҗеҠҹ\",\"code\":200}', 0, NULL, '2026-04-17 20:58:55', 19);
INSERT INTO `sys_oper_log` VALUES (217, 'еҮәеә“з®ЎзҗҶ', 1, 'com.ruoyi.system.controller.OutboundController.add()', 'POST', 1, '110', NULL, '/system/outbound/add', '127.0.0.1', 'еҶ…зҪ‘IP', '{\"id\":4,\"outDate\":\"2026-04-17 00:00:00\",\"params\":{},\"productName\":\"ж°ҙ\",\"quantity\":3,\"unit\":\"з“¶\"} ', '{\"msg\":\"ж“ҚдҪңжҲҗеҠҹ\",\"code\":200}', 0, NULL, '2026-04-17 20:59:06', 12);
INSERT INTO `sys_oper_log` VALUES (218, 'еҮәеә“з®ЎзҗҶ', 1, 'com.ruoyi.system.controller.OutboundController.add()', 'POST', 1, '110', NULL, '/system/outbound/add', '127.0.0.1', 'еҶ…зҪ‘IP', '{\"outDate\":\"2026-04-17 00:00:00\",\"params\":{},\"productName\":\"ж°ҙ\",\"quantity\":10,\"unit\":\"з“¶\"} ', NULL, 1, 'еә“еӯҳдёҚи¶іпјҒеҪ“еүҚжҖ»еә“еӯҳпјҡ5', '2026-04-17 20:59:22', 17);
INSERT INTO `sys_oper_log` VALUES (219, 'е…Ҙеә“з®ЎзҗҶ', 1, 'com.ruoyi.web.controller.system.PurchaseInController.add()', 'POST', 1, '110', NULL, '/system/purchaseIn', '127.0.0.1', 'еҶ…зҪ‘IP', '{\"id\":7,\"params\":{},\"productName\":\"жүӢжңә\",\"productionDate\":\"2026-04-01 00:00:00\",\"quantity\":20,\"shelfLife\":1000,\"type\":\"in\",\"unit\":\"еҸ°\"} ', '{\"msg\":\"ж“ҚдҪңжҲҗеҠҹ\",\"code\":200}', 0, NULL, '2026-04-17 20:59:47', 0);
INSERT INTO `sys_oper_log` VALUES (220, 'еҮәеә“з®ЎзҗҶ', 1, 'com.ruoyi.system.controller.OutboundController.add()', 'POST', 1, '110', NULL, '/system/outbound/add', '127.0.0.1', 'еҶ…зҪ‘IP', '{\"id\":5,\"outDate\":\"2026-04-17 00:00:00\",\"params\":{},\"productName\":\"жүӢжңә\",\"quantity\":1,\"unit\":\"з“¶\"} ', '{\"msg\":\"ж“ҚдҪңжҲҗеҠҹ\",\"code\":200}', 0, NULL, '2026-04-17 21:00:09', 16);
INSERT INTO `sys_oper_log` VALUES (221, 'еҮәеә“з®ЎзҗҶ', 3, 'com.ruoyi.system.controller.OutboundController.remove()', 'DELETE', 1, '110', NULL, '/system/outbound/5', '127.0.0.1', 'еҶ…зҪ‘IP', '[5] ', '{\"msg\":\"ж“ҚдҪңжҲҗеҠҹ\",\"code\":200}', 0, NULL, '2026-04-17 21:00:46', 3);
INSERT INTO `sys_oper_log` VALUES (222, 'еҮәеә“з®ЎзҗҶ', 2, 'com.ruoyi.system.controller.OutboundController.edit()', 'PUT', 1, '110', NULL, '/system/outbound', '127.0.0.1', 'еҶ…зҪ‘IP', '{\"createTime\":\"2026-04-17 20:59:06\",\"id\":4,\"outDate\":\"2026-04-17 00:00:00\",\"params\":{},\"productName\":\"ж°ҙ\",\"quantity\":2,\"unit\":\"з“¶\"} ', '{\"msg\":\"ж“ҚдҪңжҲҗеҠҹ\",\"code\":200}', 0, NULL, '2026-04-17 21:01:02', 3);
INSERT INTO `sys_oper_log` VALUES (223, 'еҮәеә“з®ЎзҗҶ', 2, 'com.ruoyi.system.controller.OutboundController.edit()', 'PUT', 1, '110', NULL, '/system/outbound', '127.0.0.1', 'еҶ…зҪ‘IP', '{\"createTime\":\"2026-04-17 20:59:06\",\"id\":4,\"outDate\":\"2026-04-17 00:00:00\",\"params\":{},\"productName\":\"ж°ҙ\",\"quantity\":4,\"unit\":\"з“¶\",\"updateTime\":\"2026-04-17 21:01:02\"} ', '{\"msg\":\"ж“ҚдҪңжҲҗеҠҹ\",\"code\":200}', 0, NULL, '2026-04-17 21:01:14', 10);
INSERT INTO `sys_oper_log` VALUES (224, 'е…Ҙеә“з®ЎзҗҶ', 1, 'com.ruoyi.web.controller.system.PurchaseInController.add()', 'POST', 1, '110', NULL, '/system/purchaseIn', '127.0.0.1', 'еҶ…зҪ‘IP', '{\"id\":8,\"params\":{},\"productName\":\"ж°ҙ\",\"productionDate\":\"2026-04-01 00:00:00\",\"quantity\":20,\"shelfLife\":3,\"type\":\"in\",\"unit\":\"з“¶\"} ', '{\"msg\":\"ж“ҚдҪңжҲҗеҠҹ\",\"code\":200}', 0, NULL, '2026-04-17 21:03:24', 6);
INSERT INTO `sys_oper_log` VALUES (225, 'е…Ҙеә“з®ЎзҗҶ', 2, 'com.ruoyi.web.controller.system.PurchaseInController.edit()', 'PUT', 1, '110', NULL, '/system/purchaseIn', '127.0.0.1', 'еҶ…зҪ‘IP', '{\"id\":8,\"productName\":\"ж°ҙ\",\"productionDate\":\"2026-04-01 00:00:00\",\"quantity\":50,\"shelfLife\":3,\"storageDate\":\"2026-04-17 00:00:00\",\"unit\":\"з“¶\"} ', '{\"msg\":\"ж“ҚдҪңжҲҗеҠҹ\",\"code\":200}', 0, NULL, '2026-04-17 21:09:41', 34);
INSERT INTO `sys_oper_log` VALUES (226, 'е…Ҙеә“з®ЎзҗҶ', 3, 'com.ruoyi.web.controller.system.PurchaseInController.remove()', 'DELETE', 1, '110', NULL, '/system/purchaseIn/8', '127.0.0.1', 'еҶ…зҪ‘IP', '[8] ', '{\"msg\":\"ж“ҚдҪңжҲҗеҠҹ\",\"code\":200}', 0, NULL, '2026-04-17 21:09:46', 8);
INSERT INTO `sys_oper_log` VALUES (227, 'еҮәеә“з®ЎзҗҶ', 2, 'com.ruoyi.system.controller.OutboundController.edit()', 'PUT', 1, '110', NULL, '/system/outbound', '127.0.0.1', 'еҶ…зҪ‘IP', '{\"createTime\":\"2026-04-17 20:59:06\",\"id\":4,\"outDate\":\"2026-04-17 00:00:00\",\"productName\":\"ж°ҙ\",\"quantity\":1,\"unit\":\"з“¶\"} ', '{\"msg\":\"ж“ҚдҪңжҲҗеҠҹ\",\"code\":200}', 0, NULL, '2026-04-17 21:09:54', 20);
INSERT INTO `sys_oper_log` VALUES (228, 'еҮәеә“з®ЎзҗҶ', 2, 'com.ruoyi.system.controller.OutboundController.edit()', 'PUT', 1, '110', NULL, '/system/outbound', '127.0.0.1', 'еҶ…зҪ‘IP', '{\"createTime\":\"2026-04-17 20:59:06\",\"id\":4,\"outDate\":\"2026-04-17 00:00:00\",\"productName\":\"ж°ҙ\",\"quantity\":4,\"unit\":\"з“¶\"} ', '{\"msg\":\"ж“ҚдҪңжҲҗеҠҹ\",\"code\":200}', 0, NULL, '2026-04-17 21:10:00', 22);
INSERT INTO `sys_oper_log` VALUES (229, 'е…Ҙеә“з®ЎзҗҶ', 3, 'com.ruoyi.web.controller.system.PurchaseInController.remove()', 'DELETE', 1, '110', NULL, '/system/purchaseIn/7', '127.0.0.1', 'еҶ…зҪ‘IP', '[7] ', '{\"msg\":\"ж“ҚдҪңжҲҗеҠҹ\",\"code\":200}', 0, NULL, '2026-04-17 21:10:10', 16);
INSERT INTO `sys_oper_log` VALUES (230, 'е…Ҙеә“з®ЎзҗҶ', 1, 'com.ruoyi.web.controller.system.PurchaseInController.add()', 'POST', 1, '110', NULL, '/system/purchaseIn', '127.0.0.1', 'еҶ…зҪ‘IP', '{\"id\":9,\"productName\":\"зҹҝжіүж°ҙ\",\"productionDate\":\"2025-05-01 00:00:00\",\"quantity\":100,\"shelfLife\":360,\"unit\":\"з®ұ\"} ', '{\"msg\":\"ж“ҚдҪңжҲҗеҠҹ\",\"code\":200}', 0, NULL, '2026-04-17 21:12:00', 16);
INSERT INTO `sys_oper_log` VALUES (231, 'еҮәеә“з®ЎзҗҶ', 1, 'com.ruoyi.system.controller.OutboundController.add()', 'POST', 1, '110', NULL, '/system/outbound/add', '127.0.0.1', 'еҶ…зҪ‘IP', '{\"outDate\":\"2026-04-17 00:00:00\",\"productName\":\"зҹҝжіүж°ҙ\",\"quantity\":1,\"remark\":\"иҮӘе·ұе–қ\",\"unit\":\"з“¶\"} ', NULL, 1, 'жңӘжүҫеҲ°иҜҘдә§е“Ғзҡ„еә“еӯҳи®°еҪ•пјҢиҜ·жЈҖжҹҘдә§е“ҒеҗҚз§°е’ҢеҚ•дҪҚжҳҜеҗҰеҢ№й…ҚпјҒ', '2026-04-17 21:13:37', 11);
INSERT INTO `sys_oper_log` VALUES (232, 'еҮәеә“з®ЎзҗҶ', 1, 'com.ruoyi.system.controller.OutboundController.add()', 'POST', 1, '110', NULL, '/system/outbound/add', '127.0.0.1', 'еҶ…зҪ‘IP', '{\"id\":6,\"outDate\":\"2026-04-17 00:00:00\",\"productName\":\"зҹҝжіүж°ҙ\",\"quantity\":1,\"remark\":\"иҮӘе·ұе–қ\",\"unit\":\"з®ұ\"} ', '{\"msg\":\"ж“ҚдҪңжҲҗеҠҹ\",\"code\":200}', 0, NULL, '2026-04-17 21:13:58', 1);
INSERT INTO `sys_oper_log` VALUES (233, 'е…Ҙеә“з®ЎзҗҶ', 1, 'com.ruoyi.web.controller.system.PurchaseInController.add()', 'POST', 1, '110', NULL, '/system/purchaseIn', '127.0.0.1', 'еҶ…зҪ‘IP', '{\"id\":10,\"productName\":\"йҘје№І\",\"productionDate\":\"2026-04-01 00:00:00\",\"quantity\":10,\"shelfLife\":180,\"storageDate\":\"2026-04-17 00:00:00\",\"unit\":\"еҢ…\"} ', '{\"msg\":\"ж“ҚдҪңжҲҗеҠҹ\",\"code\":200}', 0, NULL, '2026-04-17 21:48:10', 18);
INSERT INTO `sys_oper_log` VALUES (234, 'е…Ҙеә“з®ЎзҗҶ', 1, 'com.ruoyi.web.controller.system.PurchaseInController.add()', 'POST', 1, '110', NULL, '/system/purchaseIn', '127.0.0.1', 'еҶ…зҪ‘IP', '{\"id\":11,\"productName\":\"йёЎиӣӢ\",\"productionDate\":\"2026-04-01 00:00:00\",\"quantity\":100,\"shelfLife\":180,\"storageDate\":\"2026-04-30 00:00:00\",\"unit\":\"зӣҳ\"} ', '{\"msg\":\"ж“ҚдҪңжҲҗеҠҹ\",\"code\":200}', 0, NULL, '2026-04-30 14:15:58', 18);
INSERT INTO `sys_oper_log` VALUES (235, 'еҮәеә“з®ЎзҗҶ', 1, 'com.ruoyi.system.controller.OutboundController.add()', 'POST', 1, '110', NULL, '/system/outbound/add', '127.0.0.1', 'еҶ…зҪ‘IP', '{\"id\":7,\"outDate\":\"2026-04-30 00:00:00\",\"productName\":\"зҹҝжіүж°ҙ\",\"quantity\":5,\"unit\":\"з®ұ\"} ', '{\"msg\":\"ж“ҚдҪңжҲҗеҠҹ\",\"code\":200}', 0, NULL, '2026-04-30 14:16:52', 17);
INSERT INTO `sys_oper_log` VALUES (236, 'еҮәеә“з®ЎзҗҶ', 1, 'com.ruoyi.system.controller.OutboundController.add()', 'POST', 1, '110', NULL, '/system/outbound/add', '127.0.0.1', 'еҶ…зҪ‘IP', '{\"id\":8,\"outDate\":\"2026-04-30 00:00:00\",\"productName\":\"зҹҝжіүж°ҙ\",\"quantity\":94,\"unit\":\"з®ұ\"} ', '{\"msg\":\"ж“ҚдҪңжҲҗеҠҹ\",\"code\":200}', 0, NULL, '2026-04-30 14:17:21', 14);
INSERT INTO `sys_oper_log` VALUES (237, 'з”ЁжҲ·з®ЎзҗҶ', 1, 'com.ruoyi.web.controller.system.SysUserController.add()', 'POST', 1, '110', NULL, '/system/user', '127.0.0.1', 'еҶ…зҪ‘IP', '{\"admin\":false,\"email\":\"\",\"nickName\":\"иҺ№иҺ№\",\"params\":{},\"phonenumber\":\"17732527577\",\"status\":\"0\",\"userName\":\"17732527577\"} ', '{\"msg\":\"ж–°еўһз”ЁжҲ·\'17732527577\'еӨұиҙҘпјҢзҷ»еҪ•иҙҰеҸ·е·ІеӯҳеңЁ\",\"code\":500}', 0, NULL, '2026-05-06 15:26:01', 1);
INSERT INTO `sys_oper_log` VALUES (238, 'з”ЁжҲ·з®ЎзҗҶ', 1, 'com.ruoyi.web.controller.system.SysUserController.add()', 'POST', 1, '110', NULL, '/system/user', '127.0.0.1', 'еҶ…зҪ‘IP', '{\"admin\":false,\"createBy\":\"110\",\"email\":\"\",\"nickName\":\"иҺ№иҺ№\",\"params\":{},\"phonenumber\":\"17732527578\",\"status\":\"0\",\"userId\":113,\"userName\":\"17732527578\"} ', '{\"msg\":\"ж“ҚдҪңжҲҗеҠҹ\",\"code\":200}', 0, NULL, '2026-05-06 15:26:06', 81);
INSERT INTO `sys_oper_log` VALUES (239, 'еҮәеә“з®ЎзҗҶ', 3, 'com.ruoyi.system.controller.OutboundController.remove()', 'DELETE', 1, '110', NULL, '/system/outbound/8', '127.0.0.1', 'еҶ…зҪ‘IP', '[8] ', '{\"msg\":\"ж“ҚдҪңжҲҗеҠҹ\",\"code\":200}', 0, NULL, '2026-05-06 17:10:37', 49);
INSERT INTO `sys_oper_log` VALUES (240, 'д»Јз Ғз”ҹжҲҗ', 6, 'com.ruoyi.generator.controller.GenController.importTableSave()', 'POST', 1, '110', NULL, '/tool/gen/importTable', '127.0.0.1', 'еҶ…зҪ‘IP', '{\"tables\":\"shelf\",\"tplWebType\":\"element-ui\"}', '{\"msg\":\"ж“ҚдҪңжҲҗеҠҹ\",\"code\":200}', 0, NULL, '2026-05-06 17:34:28', 57);
INSERT INTO `sys_oper_log` VALUES (241, 'д»Јз Ғз”ҹжҲҗ', 8, 'com.ruoyi.generator.controller.GenController.batchGenCode()', 'GET', 1, '110', NULL, '/tool/gen/batchGenCode', '127.0.0.1', 'еҶ…зҪ‘IP', '{\"tables\":\"shelf\"}', NULL, 0, NULL, '2026-05-06 17:34:35', 161);
INSERT INTO `sys_oper_log` VALUES (242, 'е…Ҙеә“з®ЎзҗҶ', 1, 'com.ruoyi.web.controller.system.PurchaseInController.add()', 'POST', 1, '110', NULL, '/system/purchaseIn', '127.0.0.1', 'еҶ…зҪ‘IP', '{\"id\":12,\"location\":\"A1\",\"productName\":\"жүӢжңә\",\"productionDate\":\"2026-05-06 00:00:00\",\"quantity\":10,\"shelfLife\":10000,\"storageDate\":\"2026-05-06 00:00:00\",\"unit\":\"йғЁ\"} ', NULL, 1, '\r\n### Error updating database.  Cause: java.sql.SQLIntegrityConstraintViolationException: Duplicate entry \'жүӢжңә-2026-05-06-10000-йғЁ\' for key \'stock.uk_product_batch\'\r\n### The error may exist in file [D:\\vue3\\RuoYi-Vue-springboot2\\ruoyi-admin\\target\\classes\\mapper\\system\\StockMapper.xml]\r\n### The error may involve defaultParameterMap\r\n### The error occurred while setting parameters\r\n### SQL: INSERT INTO stock(             location,             product_name,             quantity,             unit,             production_date,             shelf_life,             last_in_time         )         VALUES(                   ?,                   ?,                   ?,                   ?,                   ?,                   ?,                   NOW()               )\r\n### Cause: java.sql.SQLIntegrityConstraintViolationException: Duplicate entry \'жүӢжңә-2026-05-06-10000-йғЁ\' for key \'stock.uk_product_batch\'\n; Duplicate entry \'жүӢжңә-2026-05-06-10000-йғЁ\' for key \'stock.uk_product_batch\'; nested exception is java.sql.SQLIntegrityConstraintViolationException: Duplicate entry \'жүӢжңә-2026-05-06-10000-йғЁ\' for key \'stock.uk_product_batch\'', '2026-05-06 18:39:50', 74);
INSERT INTO `sys_oper_log` VALUES (243, 'е…Ҙеә“з®ЎзҗҶ', 1, 'com.ruoyi.web.controller.system.PurchaseInController.add()', 'POST', 1, '110', NULL, '/system/purchaseIn', '127.0.0.1', 'еҶ…зҪ‘IP', '{\"id\":13,\"location\":\"A1\",\"productName\":\"жүӢжңәpro\",\"productionDate\":\"2026-05-06 00:00:00\",\"quantity\":10,\"shelfLife\":10000,\"storageDate\":\"2026-05-06 00:00:00\",\"unit\":\"йғЁ\"} ', NULL, 1, '\r\n### Error updating database.  Cause: java.sql.SQLIntegrityConstraintViolationException: Duplicate entry \'жүӢжңәpro-2026-05-06-10000-йғЁ\' for key \'stock.uk_product_batch\'\r\n### The error may exist in file [D:\\vue3\\RuoYi-Vue-springboot2\\ruoyi-admin\\target\\classes\\mapper\\system\\StockMapper.xml]\r\n### The error may involve defaultParameterMap\r\n### The error occurred while setting parameters\r\n### SQL: INSERT INTO stock(             location,             product_name,             quantity,             unit,             production_date,             shelf_life,             last_in_time         )         VALUES(                   ?,                   ?,                   ?,                   ?,                   ?,                   ?,                   NOW()               )\r\n### Cause: java.sql.SQLIntegrityConstraintViolationException: Duplicate entry \'жүӢжңәpro-2026-05-06-10000-йғЁ\' for key \'stock.uk_product_batch\'\n; Duplicate entry \'жүӢжңәpro-2026-05-06-10000-йғЁ\' for key \'stock.uk_product_batch\'; nested exception is java.sql.SQLIntegrityConstraintViolationException: Duplicate entry \'жүӢжңәpro-2026-05-06-10000-йғЁ\' for key \'stock.uk_product_batch\'', '2026-05-06 18:40:44', 29);
INSERT INTO `sys_oper_log` VALUES (244, 'е…Ҙеә“з®ЎзҗҶ', 1, 'com.ruoyi.web.controller.system.PurchaseInController.add()', 'POST', 1, '110', NULL, '/system/purchaseIn', '127.0.0.1', 'еҶ…зҪ‘IP', '{\"id\":14,\"location\":\"A1\",\"productName\":\"жүӢжңәpro\",\"productionDate\":\"2026-05-06 00:00:00\",\"quantity\":10,\"shelfLife\":10000,\"storageDate\":\"2026-05-06 00:00:00\",\"unit\":\"йғЁ\"} ', '{\"msg\":\"ж“ҚдҪңжҲҗеҠҹ\",\"code\":200}', 0, NULL, '2026-05-06 18:42:50', 194);
INSERT INTO `sys_oper_log` VALUES (245, 'е…Ҙеә“з®ЎзҗҶ', 3, 'com.ruoyi.web.controller.system.PurchaseInController.remove()', 'DELETE', 1, '110', NULL, '/system/purchaseIn/13', '127.0.0.1', 'еҶ…зҪ‘IP', '[13] ', '{\"msg\":\"ж“ҚдҪңжҲҗеҠҹ\",\"code\":200}', 0, NULL, '2026-05-06 18:42:54', 33);
INSERT INTO `sys_oper_log` VALUES (246, 'е…Ҙеә“з®ЎзҗҶ', 3, 'com.ruoyi.web.controller.system.PurchaseInController.remove()', 'DELETE', 1, '110', NULL, '/system/purchaseIn/14', '127.0.0.1', 'еҶ…зҪ‘IP', '[14] ', '{\"msg\":\"ж“ҚдҪңжҲҗеҠҹ\",\"code\":200}', 0, NULL, '2026-05-06 18:43:07', 13);
INSERT INTO `sys_oper_log` VALUES (247, 'е…Ҙеә“з®ЎзҗҶ', 3, 'com.ruoyi.web.controller.system.PurchaseInController.remove()', 'DELETE', 1, '110', NULL, '/system/purchaseIn/12', '127.0.0.1', 'еҶ…зҪ‘IP', '[12] ', '{\"msg\":\"ж“ҚдҪңжҲҗеҠҹ\",\"code\":200}', 0, NULL, '2026-05-06 18:43:14', 16);
INSERT INTO `sys_oper_log` VALUES (248, 'еҮәеә“з®ЎзҗҶ', 1, 'com.ruoyi.system.controller.OutboundController.add()', 'POST', 1, '110', NULL, '/system/outbound/add', '127.0.0.1', 'еҶ…зҪ‘IP', '{\"outDate\":\"2026-05-06 00:00:00\",\"productName\":\"жүӢжңә\",\"quantity\":5,\"unit\":\"йғЁ\"} ', NULL, 1, 'жңӘжүҫеҲ°иҜҘдә§е“Ғзҡ„еә“еӯҳи®°еҪ•пјҢиҜ·жЈҖжҹҘдә§е“ҒеҗҚз§°е’ҢеҚ•дҪҚжҳҜеҗҰеҢ№й…ҚпјҒ', '2026-05-06 18:43:33', 9);
INSERT INTO `sys_oper_log` VALUES (249, 'еҮәеә“з®ЎзҗҶ', 1, 'com.ruoyi.system.controller.OutboundController.add()', 'POST', 1, '110', NULL, '/system/outbound/add', '127.0.0.1', 'еҶ…зҪ‘IP', '{\"id\":9,\"outDate\":\"2026-05-06 00:00:00\",\"productName\":\"жүӢжңәpro\",\"quantity\":5,\"unit\":\"йғЁ\"} ', '{\"msg\":\"ж“ҚдҪңжҲҗеҠҹ\",\"code\":200}', 0, NULL, '2026-05-06 18:43:48', 15);
INSERT INTO `sys_oper_log` VALUES (250, 'еҮәеә“з®ЎзҗҶ', 1, 'com.ruoyi.system.controller.OutboundController.add()', 'POST', 1, '110', NULL, '/system/outbound/add', '127.0.0.1', 'еҶ…зҪ‘IP', '{\"id\":10,\"outDate\":\"2026-05-06 00:00:00\",\"productName\":\"жүӢжңәpro\",\"quantity\":5,\"unit\":\"йғЁ\"} ', '{\"msg\":\"ж“ҚдҪңжҲҗеҠҹ\",\"code\":200}', 0, NULL, '2026-05-06 18:44:02', 24);
INSERT INTO `sys_oper_log` VALUES (251, 'е…Ҙеә“з®ЎзҗҶ', 2, 'com.ruoyi.web.controller.system.PurchaseInController.edit()', 'PUT', 1, '110', NULL, '/system/purchaseIn', '127.0.0.1', 'еҶ…зҪ‘IP', '{\"id\":11,\"productName\":\"йёЎиӣӢ\",\"productionDate\":\"2026-04-01 00:00:00\",\"quantity\":50,\"shelfLife\":180,\"storageDate\":\"2026-04-30 00:00:00\",\"unit\":\"зӣҳ\"} ', '{\"msg\":\"ж“ҚдҪңжҲҗеҠҹ\",\"code\":200}', 0, NULL, '2026-05-07 14:51:18', 32);
INSERT INTO `sys_oper_log` VALUES (252, 'е…Ҙеә“з®ЎзҗҶ', 1, 'com.ruoyi.web.controller.system.PurchaseInController.add()', 'POST', 1, '110', NULL, '/system/purchaseIn', '127.0.0.1', 'еҶ…зҪ‘IP', '{\"id\":15,\"location\":\"A1\",\"productName\":\"и“қиҺ“\",\"productionDate\":\"2026-05-01 00:00:00\",\"quantity\":10,\"shelfLife\":30,\"storageDate\":\"2026-05-07 00:00:00\",\"unit\":\"зӣ’\"} ', '{\"msg\":\"ж“ҚдҪңжҲҗеҠҹ\",\"code\":200}', 0, NULL, '2026-05-07 14:52:01', 43);
INSERT INTO `sys_oper_log` VALUES (253, 'е…Ҙеә“з®ЎзҗҶ', 3, 'com.ruoyi.web.controller.system.PurchaseInController.remove()', 'DELETE', 1, '110', NULL, '/system/purchaseIn/15', '127.0.0.1', 'еҶ…зҪ‘IP', '[15] ', NULL, 1, 'nested exception is org.apache.ibatis.binding.BindingException: Parameter \'location\' not found. Available parameters are [unit, productionDate, shelfLife, param3, param4, productName, param1, param2]', '2026-05-07 14:55:44', 11);
INSERT INTO `sys_oper_log` VALUES (254, 'е…Ҙеә“з®ЎзҗҶ', 1, 'com.ruoyi.web.controller.system.PurchaseInController.add()', 'POST', 1, '110', NULL, '/system/purchaseIn', '127.0.0.1', 'еҶ…зҪ‘IP', '{\"id\":1,\"location\":\"A1\",\"productName\":\"и“қиҺ“\",\"productionDate\":\"2026-05-07 00:00:00\",\"quantity\":10,\"shelfLife\":30,\"storageDate\":\"2026-05-07 00:00:00\",\"unit\":\"зӣ’\"} ', NULL, 1, 'nested exception is org.apache.ibatis.binding.BindingException: Parameter \'location\' not found. Available parameters are [unit, productionDate, shelfLife, param3, param4, productName, param1, param2]', '2026-05-07 14:57:18', 32);
INSERT INTO `sys_oper_log` VALUES (255, 'е…Ҙеә“з®ЎзҗҶ', 1, 'com.ruoyi.web.controller.system.PurchaseInController.add()', 'POST', 1, '110', NULL, '/system/purchaseIn', '127.0.0.1', 'еҶ…зҪ‘IP', '{\"id\":2,\"location\":\"A1\",\"productName\":\"и“қиҺ“\",\"productionDate\":\"2026-05-07 00:00:00\",\"quantity\":10,\"shelfLife\":30,\"storageDate\":\"2026-05-07 00:00:00\",\"unit\":\"зӣ’\"} ', NULL, 1, 'nested exception is org.apache.ibatis.binding.BindingException: Parameter \'location\' not found. Available parameters are [unit, productionDate, shelfLife, param3, param4, productName, param1, param2]', '2026-05-07 14:57:41', 166);
INSERT INTO `sys_oper_log` VALUES (256, 'е…Ҙеә“з®ЎзҗҶ', 1, 'com.ruoyi.web.controller.system.PurchaseInController.add()', 'POST', 1, '110', NULL, '/system/purchaseIn', '127.0.0.1', 'еҶ…зҪ‘IP', '{\"id\":3,\"location\":\"A10\",\"productName\":\"и“қиҺ“\",\"productionDate\":\"2026-05-07 00:00:00\",\"quantity\":8,\"shelfLife\":30,\"storageDate\":\"2026-05-07 00:00:00\",\"unit\":\"зӣ’\"} ', NULL, 1, 'nested exception is org.apache.ibatis.binding.BindingException: Parameter \'location\' not found. Available parameters are [unit, productionDate, shelfLife, param3, param4, productName, param1, param2]', '2026-05-07 14:58:01', 7);
INSERT INTO `sys_oper_log` VALUES (257, 'е…Ҙеә“з®ЎзҗҶ', 1, 'com.ruoyi.web.controller.system.PurchaseInController.add()', 'POST', 1, '110', NULL, '/system/purchaseIn', '127.0.0.1', 'еҶ…зҪ‘IP', '{\"id\":4,\"location\":\"A1\",\"productName\":\"и“қиҺ“\",\"productionDate\":\"2026-05-07 00:00:00\",\"quantity\":8,\"shelfLife\":30,\"storageDate\":\"2026-05-07 00:00:00\",\"unit\":\"зӣ’\"} ', NULL, 1, 'nested exception is org.apache.ibatis.binding.BindingException: Parameter \'location\' not found. Available parameters are [unit, productionDate, shelfLife, param3, param4, productName, param1, param2]', '2026-05-07 14:58:05', 17);
INSERT INTO `sys_oper_log` VALUES (258, 'е…Ҙеә“з®ЎзҗҶ', 1, 'com.ruoyi.web.controller.system.PurchaseInController.add()', 'POST', 1, '110', NULL, '/system/purchaseIn', '127.0.0.1', 'еҶ…зҪ‘IP', '{\"id\":5,\"location\":\"A1\",\"productName\":\"и“қиҺ“\",\"productionDate\":\"2026-05-07 00:00:00\",\"quantity\":10,\"shelfLife\":30,\"storageDate\":\"2026-05-07 00:00:00\",\"unit\":\"зӣ’\"} ', NULL, 1, 'nested exception is org.apache.ibatis.binding.BindingException: Parameter \'location\' not found. Available parameters are [unit, productionDate, shelfLife, param3, param4, productName, param1, param2]', '2026-05-07 14:58:50', 16);
INSERT INTO `sys_oper_log` VALUES (259, 'е…Ҙеә“з®ЎзҗҶ', 1, 'com.ruoyi.web.controller.system.PurchaseInController.add()', 'POST', 1, '110', NULL, '/system/purchaseIn', '127.0.0.1', 'еҶ…зҪ‘IP', '{\"id\":6,\"location\":\"A1\",\"productName\":\"и“қиҺ“\",\"productionDate\":\"2026-05-06 00:00:00\",\"quantity\":10,\"shelfLife\":30,\"storageDate\":\"2026-05-07 00:00:00\",\"unit\":\"зӣ’\"} ', '{\"msg\":\"ж“ҚдҪңжҲҗеҠҹ\",\"code\":200}', 0, NULL, '2026-05-07 15:12:02', 165);
INSERT INTO `sys_oper_log` VALUES (260, 'е…Ҙеә“з®ЎзҗҶ', 1, 'com.ruoyi.web.controller.system.PurchaseInController.add()', 'POST', 1, '110', NULL, '/system/purchaseIn', '127.0.0.1', 'еҶ…зҪ‘IP', '{\"id\":7,\"location\":\"A1\",\"productName\":\"е’–е•Ў\",\"productionDate\":\"2026-05-01 00:00:00\",\"quantity\":5,\"shelfLife\":180,\"storageDate\":\"2026-05-07 00:00:00\",\"unit\":\"зӣ’\"} ', '{\"msg\":\"ж“ҚдҪңжҲҗеҠҹ\",\"code\":200}', 0, NULL, '2026-05-07 15:15:33', 165);
INSERT INTO `sys_oper_log` VALUES (261, 'е…Ҙеә“з®ЎзҗҶ', 1, 'com.ruoyi.web.controller.system.PurchaseInController.add()', 'POST', 1, '110', NULL, '/system/purchaseIn', '127.0.0.1', 'еҶ…зҪ‘IP', '{\"id\":8,\"location\":\"A1\",\"productName\":\"зҹҝжіүж°ҙ\",\"productionDate\":\"2026-04-01 00:00:00\",\"quantity\":10,\"shelfLife\":360,\"storageDate\":\"2026-05-07 00:00:00\",\"unit\":\"з®ұ\"} ', '{\"msg\":\"ж“ҚдҪңжҲҗеҠҹ\",\"code\":200}', 0, NULL, '2026-05-07 15:19:28', 163);
INSERT INTO `sys_oper_log` VALUES (262, 'еҮәеә“з®ЎзҗҶ', 1, 'com.ruoyi.system.controller.OutboundController.add()', 'POST', 1, '110', NULL, '/system/outbound/add', '127.0.0.1', 'еҶ…зҪ‘IP', '{\"id\":1,\"outDate\":\"2026-05-07 00:00:00\",\"productName\":\"зҹҝжіүж°ҙ\",\"quantity\":10,\"unit\":\"з®ұ\"} ', '{\"msg\":\"ж“ҚдҪңжҲҗеҠҹ\",\"code\":200}', 0, NULL, '2026-05-07 15:20:08', 28);
INSERT INTO `sys_oper_log` VALUES (263, 'еҮәеә“з®ЎзҗҶ', 1, 'com.ruoyi.system.controller.OutboundController.add()', 'POST', 1, '110', NULL, '/system/outbound/add', '127.0.0.1', 'еҶ…зҪ‘IP', '{\"id\":2,\"outDate\":\"2026-05-09 00:00:00\",\"productName\":\"и“қиҺ“\",\"quantity\":10,\"unit\":\"зӣ’\"} ', '{\"msg\":\"ж“ҚдҪңжҲҗеҠҹ\",\"code\":200}', 0, NULL, '2026-05-09 11:16:47', 34);
INSERT INTO `sys_oper_log` VALUES (264, 'е…Ҙеә“з®ЎзҗҶ', 1, 'com.ruoyi.web.controller.system.PurchaseInController.add()', 'POST', 1, '110', NULL, '/system/purchaseIn', '127.0.0.1', 'еҶ…зҪ‘IP', '{\"id\":9,\"location\":\"A3\",\"productName\":\"иҘҝз“ң\",\"productionDate\":\"2026-05-08 00:00:00\",\"quantity\":100,\"shelfLife\":15,\"storageDate\":\"2026-05-09 00:00:00\",\"unit\":\"дёӘ\"} ', '{\"msg\":\"ж“ҚдҪңжҲҗеҠҹ\",\"code\":200}', 0, NULL, '2026-05-09 11:17:44', 36);
INSERT INTO `sys_oper_log` VALUES (265, 'еҮәеә“з®ЎзҗҶ', 1, 'com.ruoyi.system.controller.OutboundController.add()', 'POST', 1, '110', NULL, '/system/outbound/add', '127.0.0.1', 'еҶ…зҪ‘IP', '{\"id\":3,\"outDate\":\"2026-05-09 00:00:00\",\"productName\":\"иҘҝз“ң\",\"quantity\":190,\"unit\":\"дёӘ\"} ', '{\"msg\":\"ж“ҚдҪңжҲҗеҠҹ\",\"code\":200}', 0, NULL, '2026-05-09 13:48:34', 184);
INSERT INTO `sys_oper_log` VALUES (266, 'з”ЁжҲ·з®ЎзҗҶ', 2, 'com.ruoyi.web.controller.system.SysUserController.edit()', 'PUT', 1, '110', NULL, '/system/user', '127.0.0.1', 'еҶ…зҪ‘IP', '{\"admin\":false,\"email\":\"\",\"params\":{},\"phonenumber\":\"17732527577\",\"status\":\"1\",\"updateBy\":\"110\",\"userId\":112,\"userName\":\"17732527577\"} ', '{\"msg\":\"ж“ҚдҪңжҲҗеҠҹ\",\"code\":200}', 0, NULL, '2026-05-10 13:53:42', 19);
INSERT INTO `sys_oper_log` VALUES (267, 'з”ЁжҲ·з®ЎзҗҶ', 2, 'com.ruoyi.web.controller.system.SysUserController.edit()', 'PUT', 1, '110', NULL, '/system/user', '127.0.0.1', 'еҶ…зҪ‘IP', '{\"admin\":false,\"email\":\"\",\"params\":{},\"phonenumber\":\"17732527577\",\"status\":\"0\",\"updateBy\":\"110\",\"userId\":112,\"userName\":\"17732527577\"} ', '{\"msg\":\"ж“ҚдҪңжҲҗеҠҹ\",\"code\":200}', 0, NULL, '2026-05-10 14:06:55', 34);

-- ----------------------------
-- Table structure for sys_post
-- ----------------------------
DROP TABLE IF EXISTS `sys_post`;
CREATE TABLE `sys_post`  (
  `post_id` bigint(0) NOT NULL AUTO_INCREMENT COMMENT 'еІ—дҪҚID',
  `post_code` varchar(64) CHARACTER SET utf8mb4 COLLATE utf8mb4_0900_ai_ci NOT NULL COMMENT 'еІ—дҪҚзј–з Ғ',
  `post_name` varchar(50) CHARACTER SET utf8mb4 COLLATE utf8mb4_0900_ai_ci NOT NULL COMMENT 'еІ—дҪҚеҗҚз§°',
  `post_sort` int(0) NOT NULL COMMENT 'жҳҫзӨәйЎәеәҸ',
  `status` char(1) CHARACTER SET utf8mb4 COLLATE utf8mb4_0900_ai_ci NOT NULL COMMENT 'зҠ¶жҖҒпјҲ0жӯЈеёё 1еҒңз”Ёпјү',
  `create_by` varchar(64) CHARACTER SET utf8mb4 COLLATE utf8mb4_0900_ai_ci DEFAULT '' COMMENT 'еҲӣе»әиҖ…',
  `create_time` datetime(0) DEFAULT NULL COMMENT 'еҲӣе»әж—¶й—ҙ',
  `update_by` varchar(64) CHARACTER SET utf8mb4 COLLATE utf8mb4_0900_ai_ci DEFAULT '' COMMENT 'жӣҙж–°иҖ…',
  `update_time` datetime(0) DEFAULT NULL COMMENT 'жӣҙж–°ж—¶й—ҙ',
  `remark` varchar(500) CHARACTER SET utf8mb4 COLLATE utf8mb4_0900_ai_ci DEFAULT NULL COMMENT 'еӨҮжіЁ',
  PRIMARY KEY (`post_id`) USING BTREE
) ENGINE = InnoDB AUTO_INCREMENT = 4 CHARACTER SET = utf8mb4 COLLATE = utf8mb4_0900_ai_ci COMMENT = 'еІ—дҪҚдҝЎжҒҜиЎЁ' ROW_FORMAT = Dynamic;

-- ----------------------------
-- Records of sys_post
-- ----------------------------
INSERT INTO `sys_post` VALUES (1, 'ceo', 'и‘ЈдәӢй•ҝ', 1, '0', 'admin', '2026-04-12 19:44:47', '', NULL, '');
INSERT INTO `sys_post` VALUES (2, 'se', 'йЎ№зӣ®з»ҸзҗҶ', 2, '0', 'admin', '2026-04-12 19:44:47', '', NULL, '');
INSERT INTO `sys_post` VALUES (3, 'hr', 'дәәеҠӣиө„жәҗ', 3, '0', 'admin', '2026-04-12 19:44:47', '', NULL, '');
INSERT INTO `sys_post` VALUES (4, 'user', 'жҷ®йҖҡе‘ҳе·Ҙ', 4, '0', 'admin', '2026-04-12 19:44:47', '', NULL, '');

-- ----------------------------
-- Table structure for sys_role
-- ----------------------------
DROP TABLE IF EXISTS `sys_role`;
CREATE TABLE `sys_role`  (
  `role_id` bigint(0) NOT NULL AUTO_INCREMENT COMMENT 'и§’иүІID',
  `role_name` varchar(30) CHARACTER SET utf8mb4 COLLATE utf8mb4_0900_ai_ci NOT NULL COMMENT 'и§’иүІеҗҚз§°',
  `role_key` varchar(100) CHARACTER SET utf8mb4 COLLATE utf8mb4_0900_ai_ci NOT NULL COMMENT 'и§’иүІжқғйҷҗеӯ—з¬ҰдёІ',
  `role_sort` int(0) NOT NULL COMMENT 'жҳҫзӨәйЎәеәҸ',
  `data_scope` char(1) CHARACTER SET utf8mb4 COLLATE utf8mb4_0900_ai_ci DEFAULT '1' COMMENT 'ж•°жҚ®иҢғеӣҙпјҲ1пјҡе…ЁйғЁж•°жҚ®жқғйҷҗ 2пјҡиҮӘе®ҡж•°жҚ®жқғйҷҗ 3пјҡжң¬йғЁй—Ёж•°жҚ®жқғйҷҗ 4пјҡжң¬йғЁй—ЁеҸҠд»ҘдёӢж•°жҚ®жқғйҷҗпјү',
  `menu_check_strictly` tinyint(1) DEFAULT 1 COMMENT 'иҸңеҚ•ж ‘йҖүжӢ©йЎ№жҳҜеҗҰе…іиҒ”жҳҫзӨә',
  `dept_check_strictly` tinyint(1) DEFAULT 1 COMMENT 'йғЁй—Ёж ‘йҖүжӢ©йЎ№жҳҜеҗҰе…іиҒ”жҳҫзӨә',
  `status` char(1) CHARACTER SET utf8mb4 COLLATE utf8mb4_0900_ai_ci NOT NULL COMMENT 'и§’иүІзҠ¶жҖҒпјҲ0жӯЈеёё 1еҒңз”Ёпјү',
  `del_flag` char(1) CHARACTER SET utf8mb4 COLLATE utf8mb4_0900_ai_ci DEFAULT '0' COMMENT 'еҲ йҷӨж Үеҝ—пјҲ0д»ЈиЎЁеӯҳеңЁ 2д»ЈиЎЁеҲ йҷӨпјү',
  `create_by` varchar(64) CHARACTER SET utf8mb4 COLLATE utf8mb4_0900_ai_ci DEFAULT '' COMMENT 'еҲӣе»әиҖ…',
  `create_time` datetime(0) DEFAULT NULL COMMENT 'еҲӣе»әж—¶й—ҙ',
  `update_by` varchar(64) CHARACTER SET utf8mb4 COLLATE utf8mb4_0900_ai_ci DEFAULT '' COMMENT 'жӣҙж–°иҖ…',
  `update_time` datetime(0) DEFAULT NULL COMMENT 'жӣҙж–°ж—¶й—ҙ',
  `remark` varchar(500) CHARACTER SET utf8mb4 COLLATE utf8mb4_0900_ai_ci DEFAULT NULL COMMENT 'еӨҮжіЁ',
  PRIMARY KEY (`role_id`) USING BTREE
) ENGINE = InnoDB AUTO_INCREMENT = 100 CHARACTER SET = utf8mb4 COLLATE = utf8mb4_0900_ai_ci COMMENT = 'и§’иүІдҝЎжҒҜиЎЁ' ROW_FORMAT = Dynamic;

-- ----------------------------
-- Records of sys_role
-- ----------------------------
INSERT INTO `sys_role` VALUES (1, 'и¶…зә§з®ЎзҗҶе‘ҳ', 'admin', 1, '1', 1, 1, '0', '0', 'admin', '2026-04-12 19:44:47', '', NULL, 'и¶…зә§з®ЎзҗҶе‘ҳ');
INSERT INTO `sys_role` VALUES (2, 'жҷ®йҖҡи§’иүІ', 'common', 2, '2', 1, 1, '0', '0', 'admin', '2026-04-12 19:44:47', '', NULL, 'жҷ®йҖҡи§’иүІ');

-- ----------------------------
-- Table structure for sys_role_dept
-- ----------------------------
DROP TABLE IF EXISTS `sys_role_dept`;
CREATE TABLE `sys_role_dept`  (
  `role_id` bigint(0) NOT NULL COMMENT 'и§’иүІID',
  `dept_id` bigint(0) NOT NULL COMMENT 'йғЁй—ЁID',
  PRIMARY KEY (`role_id`, `dept_id`) USING BTREE
) ENGINE = InnoDB CHARACTER SET = utf8mb4 COLLATE = utf8mb4_0900_ai_ci COMMENT = 'и§’иүІе’ҢйғЁй—Ёе…іиҒ”иЎЁ' ROW_FORMAT = Dynamic;

-- ----------------------------
-- Records of sys_role_dept
-- ----------------------------
INSERT INTO `sys_role_dept` VALUES (2, 100);
INSERT INTO `sys_role_dept` VALUES (2, 101);
INSERT INTO `sys_role_dept` VALUES (2, 105);

-- ----------------------------
-- Table structure for sys_role_menu
-- ----------------------------
DROP TABLE IF EXISTS `sys_role_menu`;
CREATE TABLE `sys_role_menu`  (
  `role_id` bigint(0) NOT NULL COMMENT 'и§’иүІID',
  `menu_id` bigint(0) NOT NULL COMMENT 'иҸңеҚ•ID',
  PRIMARY KEY (`role_id`, `menu_id`) USING BTREE
) ENGINE = InnoDB CHARACTER SET = utf8mb4 COLLATE = utf8mb4_0900_ai_ci COMMENT = 'и§’иүІе’ҢиҸңеҚ•е…іиҒ”иЎЁ' ROW_FORMAT = Dynamic;

-- ----------------------------
-- Records of sys_role_menu
-- ----------------------------
INSERT INTO `sys_role_menu` VALUES (2, 1);
INSERT INTO `sys_role_menu` VALUES (2, 2);
INSERT INTO `sys_role_menu` VALUES (2, 3);
INSERT INTO `sys_role_menu` VALUES (2, 4);
INSERT INTO `sys_role_menu` VALUES (2, 100);
INSERT INTO `sys_role_menu` VALUES (2, 101);
INSERT INTO `sys_role_menu` VALUES (2, 102);
INSERT INTO `sys_role_menu` VALUES (2, 103);
INSERT INTO `sys_role_menu` VALUES (2, 104);
INSERT INTO `sys_role_menu` VALUES (2, 105);
INSERT INTO `sys_role_menu` VALUES (2, 106);
INSERT INTO `sys_role_menu` VALUES (2, 107);
INSERT INTO `sys_role_menu` VALUES (2, 108);
INSERT INTO `sys_role_menu` VALUES (2, 109);
INSERT INTO `sys_role_menu` VALUES (2, 110);
INSERT INTO `sys_role_menu` VALUES (2, 111);
INSERT INTO `sys_role_menu` VALUES (2, 112);
INSERT INTO `sys_role_menu` VALUES (2, 113);
INSERT INTO `sys_role_menu` VALUES (2, 114);
INSERT INTO `sys_role_menu` VALUES (2, 115);
INSERT INTO `sys_role_menu` VALUES (2, 116);
INSERT INTO `sys_role_menu` VALUES (2, 117);
INSERT INTO `sys_role_menu` VALUES (2, 500);
INSERT INTO `sys_role_menu` VALUES (2, 501);
INSERT INTO `sys_role_menu` VALUES (2, 1000);
INSERT INTO `sys_role_menu` VALUES (2, 1001);
INSERT INTO `sys_role_menu` VALUES (2, 1002);
INSERT INTO `sys_role_menu` VALUES (2, 1003);
INSERT INTO `sys_role_menu` VALUES (2, 1004);
INSERT INTO `sys_role_menu` VALUES (2, 1005);
INSERT INTO `sys_role_menu` VALUES (2, 1006);
INSERT INTO `sys_role_menu` VALUES (2, 1007);
INSERT INTO `sys_role_menu` VALUES (2, 1008);
INSERT INTO `sys_role_menu` VALUES (2, 1009);
INSERT INTO `sys_role_menu` VALUES (2, 1010);
INSERT INTO `sys_role_menu` VALUES (2, 1011);
INSERT INTO `sys_role_menu` VALUES (2, 1012);
INSERT INTO `sys_role_menu` VALUES (2, 1013);
INSERT INTO `sys_role_menu` VALUES (2, 1014);
INSERT INTO `sys_role_menu` VALUES (2, 1015);
INSERT INTO `sys_role_menu` VALUES (2, 1016);
INSERT INTO `sys_role_menu` VALUES (2, 1017);
INSERT INTO `sys_role_menu` VALUES (2, 1018);
INSERT INTO `sys_role_menu` VALUES (2, 1019);
INSERT INTO `sys_role_menu` VALUES (2, 1020);
INSERT INTO `sys_role_menu` VALUES (2, 1021);
INSERT INTO `sys_role_menu` VALUES (2, 1022);
INSERT INTO `sys_role_menu` VALUES (2, 1023);
INSERT INTO `sys_role_menu` VALUES (2, 1024);
INSERT INTO `sys_role_menu` VALUES (2, 1025);
INSERT INTO `sys_role_menu` VALUES (2, 1026);
INSERT INTO `sys_role_menu` VALUES (2, 1027);
INSERT INTO `sys_role_menu` VALUES (2, 1028);
INSERT INTO `sys_role_menu` VALUES (2, 1029);
INSERT INTO `sys_role_menu` VALUES (2, 1030);
INSERT INTO `sys_role_menu` VALUES (2, 1031);
INSERT INTO `sys_role_menu` VALUES (2, 1032);
INSERT INTO `sys_role_menu` VALUES (2, 1033);
INSERT INTO `sys_role_menu` VALUES (2, 1034);
INSERT INTO `sys_role_menu` VALUES (2, 1035);
INSERT INTO `sys_role_menu` VALUES (2, 1036);
INSERT INTO `sys_role_menu` VALUES (2, 1037);
INSERT INTO `sys_role_menu` VALUES (2, 1038);
INSERT INTO `sys_role_menu` VALUES (2, 1039);
INSERT INTO `sys_role_menu` VALUES (2, 1040);
INSERT INTO `sys_role_menu` VALUES (2, 1041);
INSERT INTO `sys_role_menu` VALUES (2, 1042);
INSERT INTO `sys_role_menu` VALUES (2, 1043);
INSERT INTO `sys_role_menu` VALUES (2, 1044);
INSERT INTO `sys_role_menu` VALUES (2, 1045);
INSERT INTO `sys_role_menu` VALUES (2, 1046);
INSERT INTO `sys_role_menu` VALUES (2, 1047);
INSERT INTO `sys_role_menu` VALUES (2, 1048);
INSERT INTO `sys_role_menu` VALUES (2, 1049);
INSERT INTO `sys_role_menu` VALUES (2, 1050);
INSERT INTO `sys_role_menu` VALUES (2, 1051);
INSERT INTO `sys_role_menu` VALUES (2, 1052);
INSERT INTO `sys_role_menu` VALUES (2, 1053);
INSERT INTO `sys_role_menu` VALUES (2, 1054);
INSERT INTO `sys_role_menu` VALUES (2, 1055);
INSERT INTO `sys_role_menu` VALUES (2, 1056);
INSERT INTO `sys_role_menu` VALUES (2, 1057);
INSERT INTO `sys_role_menu` VALUES (2, 1058);
INSERT INTO `sys_role_menu` VALUES (2, 1059);
INSERT INTO `sys_role_menu` VALUES (2, 1060);

-- ----------------------------
-- Table structure for sys_user
-- ----------------------------
DROP TABLE IF EXISTS `sys_user`;
CREATE TABLE `sys_user`  (
  `user_id` bigint(0) NOT NULL AUTO_INCREMENT COMMENT 'з”ЁжҲ·ID',
  `dept_id` bigint(0) DEFAULT NULL COMMENT 'йғЁй—ЁID',
  `user_name` varchar(30) CHARACTER SET utf8mb4 COLLATE utf8mb4_0900_ai_ci NOT NULL COMMENT 'з”ЁжҲ·иҙҰеҸ·',
  `nick_name` varchar(30) CHARACTER SET utf8mb4 COLLATE utf8mb4_0900_ai_ci NOT NULL COMMENT 'з”ЁжҲ·жҳөз§°',
  `user_type` varchar(2) CHARACTER SET utf8mb4 COLLATE utf8mb4_0900_ai_ci DEFAULT '00' COMMENT 'з”ЁжҲ·зұ»еһӢпјҲ00зі»з»ҹз”ЁжҲ·пјү',
  `email` varchar(50) CHARACTER SET utf8mb4 COLLATE utf8mb4_0900_ai_ci DEFAULT '' COMMENT 'з”ЁжҲ·йӮ®з®ұ',
  `phonenumber` varchar(11) CHARACTER SET utf8mb4 COLLATE utf8mb4_0900_ai_ci DEFAULT '' COMMENT 'жүӢжңәеҸ·з Ғ',
  `sex` char(1) CHARACTER SET utf8mb4 COLLATE utf8mb4_0900_ai_ci DEFAULT '0' COMMENT 'з”ЁжҲ·жҖ§еҲ«пјҲ0з”· 1еҘі 2жңӘзҹҘпјү',
  `avatar` varchar(100) CHARACTER SET utf8mb4 COLLATE utf8mb4_0900_ai_ci DEFAULT '' COMMENT 'еӨҙеғҸең°еқҖ',
  `password` varchar(100) CHARACTER SET utf8mb4 COLLATE utf8mb4_0900_ai_ci DEFAULT '' COMMENT 'еҜҶз Ғ',
  `status` char(1) CHARACTER SET utf8mb4 COLLATE utf8mb4_0900_ai_ci DEFAULT '0' COMMENT 'иҙҰеҸ·зҠ¶жҖҒпјҲ0жӯЈеёё 1еҒңз”Ёпјү',
  `del_flag` char(1) CHARACTER SET utf8mb4 COLLATE utf8mb4_0900_ai_ci DEFAULT '0' COMMENT 'еҲ йҷӨж Үеҝ—пјҲ0д»ЈиЎЁеӯҳеңЁ 2д»ЈиЎЁеҲ йҷӨпјү',
  `login_ip` varchar(128) CHARACTER SET utf8mb4 COLLATE utf8mb4_0900_ai_ci DEFAULT '' COMMENT 'жңҖеҗҺзҷ»еҪ•IP',
  `login_date` datetime(0) DEFAULT NULL COMMENT 'жңҖеҗҺзҷ»еҪ•ж—¶й—ҙ',
  `pwd_update_date` datetime(0) DEFAULT NULL COMMENT 'еҜҶз ҒжңҖеҗҺжӣҙж–°ж—¶й—ҙ',
  `create_by` varchar(64) CHARACTER SET utf8mb4 COLLATE utf8mb4_0900_ai_ci DEFAULT '' COMMENT 'еҲӣе»әиҖ…',
  `create_time` datetime(0) DEFAULT NULL COMMENT 'еҲӣе»әж—¶й—ҙ',
  `update_by` varchar(64) CHARACTER SET utf8mb4 COLLATE utf8mb4_0900_ai_ci DEFAULT '' COMMENT 'жӣҙж–°иҖ…',
  `update_time` datetime(0) DEFAULT NULL COMMENT 'жӣҙж–°ж—¶й—ҙ',
  `remark` varchar(500) CHARACTER SET utf8mb4 COLLATE utf8mb4_0900_ai_ci DEFAULT NULL COMMENT 'еӨҮжіЁ',
  PRIMARY KEY (`user_id`) USING BTREE,
  UNIQUE INDEX `idx_phonenumber`(`phonenumber`) USING BTREE
) ENGINE = InnoDB AUTO_INCREMENT = 114 CHARACTER SET = utf8mb4 COLLATE = utf8mb4_0900_ai_ci COMMENT = 'з”ЁжҲ·дҝЎжҒҜиЎЁ' ROW_FORMAT = Dynamic;

-- ----------------------------
-- Records of sys_user
-- ----------------------------
INSERT INTO `sys_user` VALUES (1, NULL, '110', 'з®ЎзҗҶе‘ҳ', '00', '', '', '0', '', '$2a$10$7qZpyTLcA2hVBGW6SZ5zzuC.9egp/EIX4fp3Ki0HIKyE0EMLAS3JC', '0', '0', '127.0.0.1', '2026-05-10 15:40:13', NULL, 'admin', '2026-04-13 15:23:16', 'admin', '2026-04-13 15:23:16', NULL);

-- ----------------------------
-- Table structure for sys_user_post
-- ----------------------------
DROP TABLE IF EXISTS `sys_user_post`;
CREATE TABLE `sys_user_post`  (
  `user_id` bigint(0) NOT NULL COMMENT 'з”ЁжҲ·ID',
  `post_id` bigint(0) NOT NULL COMMENT 'еІ—дҪҚID',
  PRIMARY KEY (`user_id`, `post_id`) USING BTREE
) ENGINE = InnoDB CHARACTER SET = utf8mb4 COLLATE = utf8mb4_0900_ai_ci COMMENT = 'з”ЁжҲ·дёҺеІ—дҪҚе…іиҒ”иЎЁ' ROW_FORMAT = Dynamic;

-- ----------------------------
-- Records of sys_user_post
-- ----------------------------
INSERT INTO `sys_user_post` VALUES (1, 1);
INSERT INTO `sys_user_post` VALUES (2, 2);

-- ----------------------------
-- Table structure for sys_user_role
-- ----------------------------
DROP TABLE IF EXISTS `sys_user_role`;
CREATE TABLE `sys_user_role`  (
  `user_id` bigint(0) NOT NULL COMMENT 'з”ЁжҲ·ID',
  `role_id` bigint(0) NOT NULL COMMENT 'и§’иүІID',
  PRIMARY KEY (`user_id`, `role_id`) USING BTREE
) ENGINE = InnoDB CHARACTER SET = utf8mb4 COLLATE = utf8mb4_0900_ai_ci COMMENT = 'з”ЁжҲ·е’Ңи§’иүІе…іиҒ”иЎЁ' ROW_FORMAT = Dynamic;

-- ----------------------------
-- Records of sys_user_role
-- ----------------------------
INSERT INTO `sys_user_role` VALUES (1, 1);
INSERT INTO `sys_user_role` VALUES (2, 2);
INSERT INTO `sys_user_role` VALUES (107, 2);

SET FOREIGN_KEY_CHECKS = 1;
